2026-07-30 21:27:24 INFO  com.web.project.ProjectApplication - Starting ProjectApplication using Java 23.0.1 with PID 20508 (C:\Users\Emrah\Desktop\Java kids\javakids4\spring\project-web\target\classes started by Emrah in C:\Users\Emrah\Desktop\Java kids\javakids4\spring\project-web)
2026-07-30 21:27:24 INFO  com.web.project.ProjectApplication - No active profile set, falling back to 1 default profile: "default"
2026-07-30 21:27:24 INFO  o.s.b.d.e.DevToolsPropertyDefaultsPostProcessor - Devtools property defaults active! Set 'spring.devtools.add-properties' to 'false' to disable
2026-07-30 21:27:24 INFO  o.s.b.d.e.DevToolsPropertyDefaultsPostProcessor - For additional web related logging consider setting the 'logging.level.web' property to 'DEBUG'
2026-07-30 21:27:27 INFO  o.s.d.r.c.RepositoryConfigurationDelegate - Bootstrapping Spring Data JPA repositories in DEFAULT mode.
2026-07-30 21:27:27 INFO  o.s.d.r.c.RepositoryConfigurationDelegate - Finished Spring Data repository scanning in 140 ms. Found 2 JPA repository interfaces.
2026-07-30 21:27:30 INFO  o.s.b.w.e.tomcat.TomcatWebServer - Tomcat initialized with port 8080 (http)
2026-07-30 21:27:30 INFO  o.a.coyote.http11.Http11NioProtocol - Initializing ProtocolHandler ["http-nio-8080"]
2026-07-30 21:27:30 INFO  o.a.catalina.core.StandardService - Starting service [Tomcat]
2026-07-30 21:27:30 INFO  o.a.catalina.core.StandardEngine - Starting Servlet engine: [Apache Tomcat/10.1.43]
2026-07-30 21:27:30 INFO  o.a.c.c.C.[Tomcat].[localhost].[/] - Initializing Spring embedded WebApplicationContext
2026-07-30 21:27:30 INFO  o.s.b.w.s.c.ServletWebServerApplicationContext - Root WebApplicationContext: initialization completed in 5675 ms
2026-07-30 21:27:30 INFO  com.zaxxer.hikari.HikariDataSource - HikariPool-1 - Starting...
2026-07-30 21:27:31 INFO  com.zaxxer.hikari.pool.HikariPool - HikariPool-1 - Added connection conn0: url=jdbc:h2:mem:DB user=ROOT
2026-07-30 21:27:31 INFO  com.zaxxer.hikari.HikariDataSource - HikariPool-1 - Start completed.
2026-07-30 21:27:32 INFO  o.h.jpa.internal.util.LogHelper - HHH000204: Processing PersistenceUnitInfo [name: default]
2026-07-30 21:27:32 INFO  org.hibernate.Version - HHH000412: Hibernate ORM core version 6.6.22.Final
2026-07-30 21:27:32 INFO  o.h.c.i.RegionFactoryInitiator - HHH000026: Second-level cache disabled
2026-07-30 21:27:33 INFO  o.s.o.j.p.SpringPersistenceUnitInfo - No LoadTimeWeaver setup: ignoring JPA class transformer
2026-07-30 21:27:33 INFO  o.hibernate.orm.connections.pooling - HHH10001005: Database info:
	Database JDBC URL [Connecting through datasource 'HikariDataSource (HikariPool-1)']
	Database driver: undefined/unknown
	Database version: 2.3.232
	Autocommit mode: undefined/unknown
	Isolation level: undefined/unknown
	Minimum pool size: undefined/unknown
	Maximum pool size: undefined/unknown
2026-07-30 21:27:35 INFO  o.h.e.t.j.p.i.JtaPlatformInitiator - HHH000489: No JTA platform available (set 'hibernate.transaction.jta.platform' to enable JTA platform integration)
2026-07-30 21:27:35 INFO  o.s.o.j.LocalContainerEntityManagerFactoryBean - Initialized JPA EntityManagerFactory for persistence unit 'default'
2026-07-30 21:27:37 INFO  o.s.d.j.r.query.QueryEnhancerFactory - Hibernate is in classpath; If applicable, HQL parser will be used.
2026-07-30 21:27:38 WARN  o.s.b.w.s.c.AnnotationConfigServletWebServerApplicationContext - Exception encountered during context initialization - cancelling refresh attempt: org.springframework.beans.factory.UnsatisfiedDependencyException: Error creating bean with name 'personRestController' defined in file [C:\Users\Emrah\Desktop\Java kids\javakids4\spring\project-web\target\classes\com\web\project\controller\PersonRestController.class]: Unsatisfied dependency expressed through constructor parameter 0: Error creating bean with name 'personService' defined in file [C:\Users\Emrah\Desktop\Java kids\javakids4\spring\project-web\target\classes\com\web\project\service\PersonService.class]: Unsatisfied dependency expressed through constructor parameter 0: Error creating bean with name 'personRepository' defined in com.web.project.repository.PersonRepository defined in @EnableJpaRepositories declared on JpaRepositoriesRegistrar.EnableJpaRepositoriesConfiguration: Could not create query for public abstract java.util.List com.web.project.repository.PersonRepository.findByEmail(java.lang.String); Reason: At 1:7 and token '*', extraneous input '*' expecting {'(', '[', ':', '{', '?', ID, VERSION, VERSIONED, NATURALID, FK, ALL, AND, ANY, AS, ASC, AVG, BETWEEN, BOTH, BREADTH, BY, CASE, CAST, COLLATE, COLUMN, CONFLICT, CONSTRAINT, CONTAINS, COUNT, CROSS, CUBE, CURRENT, CURRENT_DATE, CURRENT_INSTANT, CURRENT_TIME, CURRENT_TIMESTAMP, CYCLE, DATE, DATETIME, DAY, DEFAULT, DELETE, DEPTH, DESC, DISTINCT, DO, ELEMENT, ELEMENTS, ELSE, EMPTY, END, ENTRY, EPOCH, ERROR, ESCAPE, EVERY, EXCEPT, EXCLUDE, EXISTS, EXTRACT, FETCH, FILTER, FIRST, FOLLOWING, FOR, FORMAT, FROM, FULL, FUNCTION, GROUP, GROUPS, HAVING, HOUR, IGNORE, ILIKE, IN, INCLUDES, INDEX, INDICES, INNER, INSERT, INSTANT, INTERSECT, INTERSECTS, INTO, IS, JOIN, KEY, KEYS, LAST, LATERAL, LEADING, LEFT, LIKE, LIMIT, LIST, LISTAGG, LOCAL, LOCAL_DATE, LOCAL_DATETIME, LOCAL_TIME, MAP, MATERIALIZED, MAX, MAXELEMENT, MAXINDEX, MEMBER, MICROSECOND, MILLISECOND, MIN, MINELEMENT, MININDEX, MINUTE, MONTH, NANOSECOND, NEW, NEXT, NO, NOT, NOTHING, NULLS, OBJECT, OF, OFFSET, OFFSET_DATETIME, ON, ONLY, OR, ORDER, OTHERS, OUTER, OVER, OVERFLOW, OVERLAY, PAD, PARTITION, PERCENT, PLACING, POSITION, PRECEDING, QUARTER, RANGE, RESPECT, RIGHT, ROLLUP, ROW, ROWS, SEARCH, SECOND, SELECT, SET, SIZE, SOME, SUBSTRING, SUM, THEN, TIES, TIME, TIMESTAMP, TIMEZONE_HOUR, TIMEZONE_MINUTE, TO, TRAILING, TREAT, TRIM, TRUNC, TRUNCATE, TYPE, UNBOUNDED, UNION, UPDATE, USING, VALUE, VALUES, WEEK, WHEN, WHERE, WITH, WITHIN, WITHOUT, YEAR, ZONED, NULL, TRUE, FALSE, STRING_LITERAL, JAVA_STRING_LITERAL, INTEGER_LITERAL, LONG_LITERAL, FLOAT_LITERAL, DOUBLE_LITERAL, BIG_INTEGER_LITERAL, BIG_DECIMAL_LITERAL, HEX_LITERAL, BINARY_LITERAL, '{ts', '{d', '{t', '+', '-', IDENTIFIER, QUOTED_IDENTIFIER}; Bad HQL grammar [select * from PersonEntity p where p.email = ?1]
2026-07-30 21:27:38 INFO  o.s.o.j.LocalContainerEntityManagerFactoryBean - Closing JPA EntityManagerFactory for persistence unit 'default'
2026-07-30 21:27:38 WARN  o.s.b.f.s.DisposableBeanAdapter - Invocation of destroy method failed on bean with name 'inMemoryDatabaseShutdownExecutor': org.h2.jdbc.JdbcSQLNonTransientConnectionException: Database is already closed (to disable automatic closing at VM shutdown, add ";DB_CLOSE_ON_EXIT=FALSE" to the db URL) [90121-232]
2026-07-30 21:27:38 INFO  com.zaxxer.hikari.HikariDataSource - HikariPool-1 - Shutdown initiated...
2026-07-30 21:27:38 INFO  com.zaxxer.hikari.HikariDataSource - HikariPool-1 - Shutdown completed.
2026-07-30 21:27:38 INFO  o.a.catalina.core.StandardService - Stopping service [Tomcat]
2026-07-30 21:27:38 INFO  o.s.b.a.l.ConditionEvaluationReportLogger - 

Error starting ApplicationContext. To display the condition evaluation report re-run your application with 'debug' enabled.
2026-07-30 21:27:38 ERROR o.s.boot.SpringApplication - Application run failed
org.springframework.beans.factory.UnsatisfiedDependencyException: Error creating bean with name 'personRestController' defined in file [C:\Users\Emrah\Desktop\Java kids\javakids4\spring\project-web\target\classes\com\web\project\controller\PersonRestController.class]: Unsatisfied dependency expressed through constructor parameter 0: Error creating bean with name 'personService' defined in file [C:\Users\Emrah\Desktop\Java kids\javakids4\spring\project-web\target\classes\com\web\project\service\PersonService.class]: Unsatisfied dependency expressed through constructor parameter 0: Error creating bean with name 'personRepository' defined in com.web.project.repository.PersonRepository defined in @EnableJpaRepositories declared on JpaRepositoriesRegistrar.EnableJpaRepositoriesConfiguration: Could not create query for public abstract java.util.List com.web.project.repository.PersonRepository.findByEmail(java.lang.String); Reason: At 1:7 and token '*', extraneous input '*' expecting {'(', '[', ':', '{', '?', ID, VERSION, VERSIONED, NATURALID, FK, ALL, AND, ANY, AS, ASC, AVG, BETWEEN, BOTH, BREADTH, BY, CASE, CAST, COLLATE, COLUMN, CONFLICT, CONSTRAINT, CONTAINS, COUNT, CROSS, CUBE, CURRENT, CURRENT_DATE, CURRENT_INSTANT, CURRENT_TIME, CURRENT_TIMESTAMP, CYCLE, DATE, DATETIME, DAY, DEFAULT, DELETE, DEPTH, DESC, DISTINCT, DO, ELEMENT, ELEMENTS, ELSE, EMPTY, END, ENTRY, EPOCH, ERROR, ESCAPE, EVERY, EXCEPT, EXCLUDE, EXISTS, EXTRACT, FETCH, FILTER, FIRST, FOLLOWING, FOR, FORMAT, FROM, FULL, FUNCTION, GROUP, GROUPS, HAVING, HOUR, IGNORE, ILIKE, IN, INCLUDES, INDEX, INDICES, INNER, INSERT, INSTANT, INTERSECT, INTERSECTS, INTO, IS, JOIN, KEY, KEYS, LAST, LATERAL, LEADING, LEFT, LIKE, LIMIT, LIST, LISTAGG, LOCAL, LOCAL_DATE, LOCAL_DATETIME, LOCAL_TIME, MAP, MATERIALIZED, MAX, MAXELEMENT, MAXINDEX, MEMBER, MICROSECOND, MILLISECOND, MIN, MINELEMENT, MININDEX, MINUTE, MONTH, NANOSECOND, NEW, NEXT, NO, NOT, NOTHING, NULLS, OBJECT, OF, OFFSET, OFFSET_DATETIME, ON, ONLY, OR, ORDER, OTHERS, OUTER, OVER, OVERFLOW, OVERLAY, PAD, PARTITION, PERCENT, PLACING, POSITION, PRECEDING, QUARTER, RANGE, RESPECT, RIGHT, ROLLUP, ROW, ROWS, SEARCH, SECOND, SELECT, SET, SIZE, SOME, SUBSTRING, SUM, THEN, TIES, TIME, TIMESTAMP, TIMEZONE_HOUR, TIMEZONE_MINUTE, TO, TRAILING, TREAT, TRIM, TRUNC, TRUNCATE, TYPE, UNBOUNDED, UNION, UPDATE, USING, VALUE, VALUES, WEEK, WHEN, WHERE, WITH, WITHIN, WITHOUT, YEAR, ZONED, NULL, TRUE, FALSE, STRING_LITERAL, JAVA_STRING_LITERAL, INTEGER_LITERAL, LONG_LITERAL, FLOAT_LITERAL, DOUBLE_LITERAL, BIG_INTEGER_LITERAL, BIG_DECIMAL_LITERAL, HEX_LITERAL, BINARY_LITERAL, '{ts', '{d', '{t', '+', '-', IDENTIFIER, QUOTED_IDENTIFIER}; Bad HQL grammar [select * from PersonEntity p where p.email = ?1]
	at org.springframework.beans.factory.support.ConstructorResolver.createArgumentArray(ConstructorResolver.java:804)
	at org.springframework.beans.factory.support.ConstructorResolver.autowireConstructor(ConstructorResolver.java:240)
	at org.springframework.beans.factory.support.AbstractAutowireCapableBeanFactory.autowireConstructor(AbstractAutowireCapableBeanFactory.java:1395)
	at org.springframework.beans.factory.support.AbstractAutowireCapableBeanFactory.createBeanInstance(AbstractAutowireCapableBeanFactory.java:1232)
	at org.springframework.beans.factory.support.AbstractAutowireCapableBeanFactory.doCreateBean(AbstractAutowireCapableBeanFactory.java:569)
	at org.springframework.beans.factory.support.AbstractAutowireCapableBeanFactory.createBean(AbstractAutowireCapableBeanFactory.java:529)
	at org.springframework.beans.factory.support.AbstractBeanFactory.lambda$doGetBean$0(AbstractBeanFactory.java:339)
	at org.springframework.beans.factory.support.DefaultSingletonBeanRegistry.getSingleton(DefaultSingletonBeanRegistry.java:373)
	at org.springframework.beans.factory.support.AbstractBeanFactory.doGetBean(AbstractBeanFactory.java:337)
	at org.springframework.beans.factory.support.AbstractBeanFactory.getBean(AbstractBeanFactory.java:202)
	at org.springframework.beans.factory.support.DefaultListableBeanFactory.instantiateSingleton(DefaultListableBeanFactory.java:1222)
	at org.springframework.beans.factory.support.DefaultListableBeanFactory.preInstantiateSingleton(DefaultListableBeanFactory.java:1188)
	at org.springframework.beans.factory.support.DefaultListableBeanFactory.preInstantiateSingletons(DefaultListableBeanFactory.java:1123)
	at org.springframework.context.support.AbstractApplicationContext.finishBeanFactoryInitialization(AbstractApplicationContext.java:987)
	at org.springframework.context.support.AbstractApplicationContext.refresh(AbstractApplicationContext.java:627)
	at org.springframework.boot.web.servlet.context.ServletWebServerApplicationContext.refresh(ServletWebServerApplicationContext.java:146)
	at org.springframework.boot.SpringApplication.refresh(SpringApplication.java:752)
	at org.springframework.boot.SpringApplication.refreshContext(SpringApplication.java:439)
	at org.springframework.boot.SpringApplication.run(SpringApplication.java:318)
	at org.springframework.boot.SpringApplication.run(SpringApplication.java:1361)
	at org.springframework.boot.SpringApplication.run(SpringApplication.java:1350)
	at com.web.project.ProjectApplication.main(ProjectApplication.java:10)
	at java.base/jdk.internal.reflect.DirectMethodHandleAccessor.invoke(DirectMethodHandleAccessor.java:103)
	at java.base/java.lang.reflect.Method.invoke(Method.java:580)
	at org.springframework.boot.devtools.restart.RestartLauncher.run(RestartLauncher.java:50)
Caused by: org.springframework.beans.factory.UnsatisfiedDependencyException: Error creating bean with name 'personService' defined in file [C:\Users\Emrah\Desktop\Java kids\javakids4\spring\project-web\target\classes\com\web\project\service\PersonService.class]: Unsatisfied dependency expressed through constructor parameter 0: Error creating bean with name 'personRepository' defined in com.web.project.repository.PersonRepository defined in @EnableJpaRepositories declared on JpaRepositoriesRegistrar.EnableJpaRepositoriesConfiguration: Could not create query for public abstract java.util.List com.web.project.repository.PersonRepository.findByEmail(java.lang.String); Reason: At 1:7 and token '*', extraneous input '*' expecting {'(', '[', ':', '{', '?', ID, VERSION, VERSIONED, NATURALID, FK, ALL, AND, ANY, AS, ASC, AVG, BETWEEN, BOTH, BREADTH, BY, CASE, CAST, COLLATE, COLUMN, CONFLICT, CONSTRAINT, CONTAINS, COUNT, CROSS, CUBE, CURRENT, CURRENT_DATE, CURRENT_INSTANT, CURRENT_TIME, CURRENT_TIMESTAMP, CYCLE, DATE, DATETIME, DAY, DEFAULT, DELETE, DEPTH, DESC, DISTINCT, DO, ELEMENT, ELEMENTS, ELSE, EMPTY, END, ENTRY, EPOCH, ERROR, ESCAPE, EVERY, EXCEPT, EXCLUDE, EXISTS, EXTRACT, FETCH, FILTER, FIRST, FOLLOWING, FOR, FORMAT, FROM, FULL, FUNCTION, GROUP, GROUPS, HAVING, HOUR, IGNORE, ILIKE, IN, INCLUDES, INDEX, INDICES, INNER, INSERT, INSTANT, INTERSECT, INTERSECTS, INTO, IS, JOIN, KEY, KEYS, LAST, LATERAL, LEADING, LEFT, LIKE, LIMIT, LIST, LISTAGG, LOCAL, LOCAL_DATE, LOCAL_DATETIME, LOCAL_TIME, MAP, MATERIALIZED, MAX, MAXELEMENT, MAXINDEX, MEMBER, MICROSECOND, MILLISECOND, MIN, MINELEMENT, MININDEX, MINUTE, MONTH, NANOSECOND, NEW, NEXT, NO, NOT, NOTHING, NULLS, OBJECT, OF, OFFSET, OFFSET_DATETIME, ON, ONLY, OR, ORDER, OTHERS, OUTER, OVER, OVERFLOW, OVERLAY, PAD, PARTITION, PERCENT, PLACING, POSITION, PRECEDING, QUARTER, RANGE, RESPECT, RIGHT, ROLLUP, ROW, ROWS, SEARCH, SECOND, SELECT, SET, SIZE, SOME, SUBSTRING, SUM, THEN, TIES, TIME, TIMESTAMP, TIMEZONE_HOUR, TIMEZONE_MINUTE, TO, TRAILING, TREAT, TRIM, TRUNC, TRUNCATE, TYPE, UNBOUNDED, UNION, UPDATE, USING, VALUE, VALUES, WEEK, WHEN, WHERE, WITH, WITHIN, WITHOUT, YEAR, ZONED, NULL, TRUE, FALSE, STRING_LITERAL, JAVA_STRING_LITERAL, INTEGER_LITERAL, LONG_LITERAL, FLOAT_LITERAL, DOUBLE_LITERAL, BIG_INTEGER_LITERAL, BIG_DECIMAL_LITERAL, HEX_LITERAL, BINARY_LITERAL, '{ts', '{d', '{t', '+', '-', IDENTIFIER, QUOTED_IDENTIFIER}; Bad HQL grammar [select * from PersonEntity p where p.email = ?1]
	at org.springframework.beans.factory.support.ConstructorResolver.createArgumentArray(ConstructorResolver.java:804)
	at org.springframework.beans.factory.support.ConstructorResolver.autowireConstructor(ConstructorResolver.java:240)
	at org.springframework.beans.factory.support.AbstractAutowireCapableBeanFactory.autowireConstructor(AbstractAutowireCapableBeanFactory.java:1395)
	at org.springframework.beans.factory.support.AbstractAutowireCapableBeanFactory.createBeanInstance(AbstractAutowireCapableBeanFactory.java:1232)
	at org.springframework.beans.factory.support.AbstractAutowireCapableBeanFactory.doCreateBean(AbstractAutowireCapableBeanFactory.java:569)
	at org.springframework.beans.factory.support.AbstractAutowireCapableBeanFactory.createBean(AbstractAutowireCapableBeanFactory.java:529)
	at org.springframework.beans.factory.support.AbstractBeanFactory.lambda$doGetBean$0(AbstractBeanFactory.java:339)
	at org.springframework.beans.factory.support.DefaultSingletonBeanRegistry.getSingleton(DefaultSingletonBeanRegistry.java:373)
	at org.springframework.beans.factory.support.AbstractBeanFactory.doGetBean(AbstractBeanFactory.java:337)
	at org.springframework.beans.factory.support.AbstractBeanFactory.getBean(AbstractBeanFactory.java:202)
	at org.springframework.beans.factory.support.DefaultListableBeanFactory.doResolveDependency(DefaultListableBeanFactory.java:1683)
	at org.springframework.beans.factory.support.DefaultListableBeanFactory.resolveDependency(DefaultListableBeanFactory.java:1628)
	at org.springframework.beans.factory.support.ConstructorResolver.resolveAutowiredArgument(ConstructorResolver.java:913)
	at org.springframework.beans.factory.support.ConstructorResolver.createArgumentArray(ConstructorResolver.java:791)
	... 24 common frames omitted
Caused by: org.springframework.beans.factory.BeanCreationException: Error creating bean with name 'personRepository' defined in com.web.project.repository.PersonRepository defined in @EnableJpaRepositories declared on JpaRepositoriesRegistrar.EnableJpaRepositoriesConfiguration: Could not create query for public abstract java.util.List com.web.project.repository.PersonRepository.findByEmail(java.lang.String); Reason: At 1:7 and token '*', extraneous input '*' expecting {'(', '[', ':', '{', '?', ID, VERSION, VERSIONED, NATURALID, FK, ALL, AND, ANY, AS, ASC, AVG, BETWEEN, BOTH, BREADTH, BY, CASE, CAST, COLLATE, COLUMN, CONFLICT, CONSTRAINT, CONTAINS, COUNT, CROSS, CUBE, CURRENT, CURRENT_DATE, CURRENT_INSTANT, CURRENT_TIME, CURRENT_TIMESTAMP, CYCLE, DATE, DATETIME, DAY, DEFAULT, DELETE, DEPTH, DESC, DISTINCT, DO, ELEMENT, ELEMENTS, ELSE, EMPTY, END, ENTRY, EPOCH, ERROR, ESCAPE, EVERY, EXCEPT, EXCLUDE, EXISTS, EXTRACT, FETCH, FILTER, FIRST, FOLLOWING, FOR, FORMAT, FROM, FULL, FUNCTION, GROUP, GROUPS, HAVING, HOUR, IGNORE, ILIKE, IN, INCLUDES, INDEX, INDICES, INNER, INSERT, INSTANT, INTERSECT, INTERSECTS, INTO, IS, JOIN, KEY, KEYS, LAST, LATERAL, LEADING, LEFT, LIKE, LIMIT, LIST, LISTAGG, LOCAL, LOCAL_DATE, LOCAL_DATETIME, LOCAL_TIME, MAP, MATERIALIZED, MAX, MAXELEMENT, MAXINDEX, MEMBER, MICROSECOND, MILLISECOND, MIN, MINELEMENT, MININDEX, MINUTE, MONTH, NANOSECOND, NEW, NEXT, NO, NOT, NOTHING, NULLS, OBJECT, OF, OFFSET, OFFSET_DATETIME, ON, ONLY, OR, ORDER, OTHERS, OUTER, OVER, OVERFLOW, OVERLAY, PAD, PARTITION, PERCENT, PLACING, POSITION, PRECEDING, QUARTER, RANGE, RESPECT, RIGHT, ROLLUP, ROW, ROWS, SEARCH, SECOND, SELECT, SET, SIZE, SOME, SUBSTRING, SUM, THEN, TIES, TIME, TIMESTAMP, TIMEZONE_HOUR, TIMEZONE_MINUTE, TO, TRAILING, TREAT, TRIM, TRUNC, TRUNCATE, TYPE, UNBOUNDED, UNION, UPDATE, USING, VALUE, VALUES, WEEK, WHEN, WHERE, WITH, WITHIN, WITHOUT, YEAR, ZONED, NULL, TRUE, FALSE, STRING_LITERAL, JAVA_STRING_LITERAL, INTEGER_LITERAL, LONG_LITERAL, FLOAT_LITERAL, DOUBLE_LITERAL, BIG_INTEGER_LITERAL, BIG_DECIMAL_LITERAL, HEX_LITERAL, BINARY_LITERAL, '{ts', '{d', '{t', '+', '-', IDENTIFIER, QUOTED_IDENTIFIER}; Bad HQL grammar [select * from PersonEntity p where p.email = ?1]
	at org.springframework.beans.factory.support.AbstractAutowireCapableBeanFactory.initializeBean(AbstractAutowireCapableBeanFactory.java:1826)
	at org.springframework.beans.factory.support.AbstractAutowireCapableBeanFactory.doCreateBean(AbstractAutowireCapableBeanFactory.java:607)
	at org.springframework.beans.factory.support.AbstractAutowireCapableBeanFactory.createBean(AbstractAutowireCapableBeanFactory.java:529)
	at org.springframework.beans.factory.support.AbstractBeanFactory.lambda$doGetBean$0(AbstractBeanFactory.java:339)
	at org.springframework.beans.factory.support.DefaultSingletonBeanRegistry.getSingleton(DefaultSingletonBeanRegistry.java:373)
	at org.springframework.beans.factory.support.AbstractBeanFactory.doGetBean(AbstractBeanFactory.java:337)
	at org.springframework.beans.factory.support.AbstractBeanFactory.getBean(AbstractBeanFactory.java:202)
	at org.springframework.beans.factory.support.DefaultListableBeanFactory.doResolveDependency(DefaultListableBeanFactory.java:1683)
	at org.springframework.beans.factory.support.DefaultListableBeanFactory.resolveDependency(DefaultListableBeanFactory.java:1628)
	at org.springframework.beans.factory.support.ConstructorResolver.resolveAutowiredArgument(ConstructorResolver.java:913)
	at org.springframework.beans.factory.support.ConstructorResolver.createArgumentArray(ConstructorResolver.java:791)
	... 37 common frames omitted
Caused by: org.springframework.data.repository.query.QueryCreationException: Could not create query for public abstract java.util.List com.web.project.repository.PersonRepository.findByEmail(java.lang.String); Reason: At 1:7 and token '*', extraneous input '*' expecting {'(', '[', ':', '{', '?', ID, VERSION, VERSIONED, NATURALID, FK, ALL, AND, ANY, AS, ASC, AVG, BETWEEN, BOTH, BREADTH, BY, CASE, CAST, COLLATE, COLUMN, CONFLICT, CONSTRAINT, CONTAINS, COUNT, CROSS, CUBE, CURRENT, CURRENT_DATE, CURRENT_INSTANT, CURRENT_TIME, CURRENT_TIMESTAMP, CYCLE, DATE, DATETIME, DAY, DEFAULT, DELETE, DEPTH, DESC, DISTINCT, DO, ELEMENT, ELEMENTS, ELSE, EMPTY, END, ENTRY, EPOCH, ERROR, ESCAPE, EVERY, EXCEPT, EXCLUDE, EXISTS, EXTRACT, FETCH, FILTER, FIRST, FOLLOWING, FOR, FORMAT, FROM, FULL, FUNCTION, GROUP, GROUPS, HAVING, HOUR, IGNORE, ILIKE, IN, INCLUDES, INDEX, INDICES, INNER, INSERT, INSTANT, INTERSECT, INTERSECTS, INTO, IS, JOIN, KEY, KEYS, LAST, LATERAL, LEADING, LEFT, LIKE, LIMIT, LIST, LISTAGG, LOCAL, LOCAL_DATE, LOCAL_DATETIME, LOCAL_TIME, MAP, MATERIALIZED, MAX, MAXELEMENT, MAXINDEX, MEMBER, MICROSECOND, MILLISECOND, MIN, MINELEMENT, MININDEX, MINUTE, MONTH, NANOSECOND, NEW, NEXT, NO, NOT, NOTHING, NULLS, OBJECT, OF, OFFSET, OFFSET_DATETIME, ON, ONLY, OR, ORDER, OTHERS, OUTER, OVER, OVERFLOW, OVERLAY, PAD, PARTITION, PERCENT, PLACING, POSITION, PRECEDING, QUARTER, RANGE, RESPECT, RIGHT, ROLLUP, ROW, ROWS, SEARCH, SECOND, SELECT, SET, SIZE, SOME, SUBSTRING, SUM, THEN, TIES, TIME, TIMESTAMP, TIMEZONE_HOUR, TIMEZONE_MINUTE, TO, TRAILING, TREAT, TRIM, TRUNC, TRUNCATE, TYPE, UNBOUNDED, UNION, UPDATE, USING, VALUE, VALUES, WEEK, WHEN, WHERE, WITH, WITHIN, WITHOUT, YEAR, ZONED, NULL, TRUE, FALSE, STRING_LITERAL, JAVA_STRING_LITERAL, INTEGER_LITERAL, LONG_LITERAL, FLOAT_LITERAL, DOUBLE_LITERAL, BIG_INTEGER_LITERAL, BIG_DECIMAL_LITERAL, HEX_LITERAL, BINARY_LITERAL, '{ts', '{d', '{t', '+', '-', IDENTIFIER, QUOTED_IDENTIFIER}; Bad HQL grammar [select * from PersonEntity p where p.email = ?1]
	at org.springframework.data.repository.query.QueryCreationException.create(QueryCreationException.java:101)
	at org.springframework.data.repository.core.support.QueryExecutorMethodInterceptor.lookupQuery(QueryExecutorMethodInterceptor.java:120)
	at org.springframework.data.repository.core.support.QueryExecutorMethodInterceptor.mapMethodsToQuery(QueryExecutorMethodInterceptor.java:104)
	at org.springframework.data.repository.core.support.QueryExecutorMethodInterceptor.lambda$new$0(QueryExecutorMethodInterceptor.java:92)
	at java.base/java.util.Optional.map(Optional.java:260)
	at org.springframework.data.repository.core.support.QueryExecutorMethodInterceptor.<init>(QueryExecutorMethodInterceptor.java:92)
	at org.springframework.data.repository.core.support.RepositoryFactorySupport.getRepository(RepositoryFactorySupport.java:434)
	at org.springframework.data.repository.core.support.RepositoryFactoryBeanSupport.lambda$afterPropertiesSet$4(RepositoryFactoryBeanSupport.java:350)
	at org.springframework.data.util.Lazy.getNullable(Lazy.java:135)
	at org.springframework.data.util.Lazy.get(Lazy.java:113)
	at org.springframework.data.repository.core.support.RepositoryFactoryBeanSupport.afterPropertiesSet(RepositoryFactoryBeanSupport.java:356)
	at org.springframework.data.jpa.repository.support.JpaRepositoryFactoryBean.afterPropertiesSet(JpaRepositoryFactoryBean.java:132)
	at org.springframework.beans.factory.support.AbstractAutowireCapableBeanFactory.invokeInitMethods(AbstractAutowireCapableBeanFactory.java:1873)
	at org.springframework.beans.factory.support.AbstractAutowireCapableBeanFactory.initializeBean(AbstractAutowireCapableBeanFactory.java:1822)
	... 47 common frames omitted
Caused by: org.springframework.data.jpa.repository.query.BadJpqlGrammarException: At 1:7 and token '*', extraneous input '*' expecting {'(', '[', ':', '{', '?', ID, VERSION, VERSIONED, NATURALID, FK, ALL, AND, ANY, AS, ASC, AVG, BETWEEN, BOTH, BREADTH, BY, CASE, CAST, COLLATE, COLUMN, CONFLICT, CONSTRAINT, CONTAINS, COUNT, CROSS, CUBE, CURRENT, CURRENT_DATE, CURRENT_INSTANT, CURRENT_TIME, CURRENT_TIMESTAMP, CYCLE, DATE, DATETIME, DAY, DEFAULT, DELETE, DEPTH, DESC, DISTINCT, DO, ELEMENT, ELEMENTS, ELSE, EMPTY, END, ENTRY, EPOCH, ERROR, ESCAPE, EVERY, EXCEPT, EXCLUDE, EXISTS, EXTRACT, FETCH, FILTER, FIRST, FOLLOWING, FOR, FORMAT, FROM, FULL, FUNCTION, GROUP, GROUPS, HAVING, HOUR, IGNORE, ILIKE, IN, INCLUDES, INDEX, INDICES, INNER, INSERT, INSTANT, INTERSECT, INTERSECTS, INTO, IS, JOIN, KEY, KEYS, LAST, LATERAL, LEADING, LEFT, LIKE, LIMIT, LIST, LISTAGG, LOCAL, LOCAL_DATE, LOCAL_DATETIME, LOCAL_TIME, MAP, MATERIALIZED, MAX, MAXELEMENT, MAXINDEX, MEMBER, MICROSECOND, MILLISECOND, MIN, MINELEMENT, MININDEX, MINUTE, MONTH, NANOSECOND, NEW, NEXT, NO, NOT, NOTHING, NULLS, OBJECT, OF, OFFSET, OFFSET_DATETIME, ON, ONLY, OR, ORDER, OTHERS, OUTER, OVER, OVERFLOW, OVERLAY, PAD, PARTITION, PERCENT, PLACING, POSITION, PRECEDING, QUARTER, RANGE, RESPECT, RIGHT, ROLLUP, ROW, ROWS, SEARCH, SECOND, SELECT, SET, SIZE, SOME, SUBSTRING, SUM, THEN, TIES, TIME, TIMESTAMP, TIMEZONE_HOUR, TIMEZONE_MINUTE, TO, TRAILING, TREAT, TRIM, TRUNC, TRUNCATE, TYPE, UNBOUNDED, UNION, UPDATE, USING, VALUE, VALUES, WEEK, WHEN, WHERE, WITH, WITHIN, WITHOUT, YEAR, ZONED, NULL, TRUE, FALSE, STRING_LITERAL, JAVA_STRING_LITERAL, INTEGER_LITERAL, LONG_LITERAL, FLOAT_LITERAL, DOUBLE_LITERAL, BIG_INTEGER_LITERAL, BIG_DECIMAL_LITERAL, HEX_LITERAL, BINARY_LITERAL, '{ts', '{d', '{t', '+', '-', IDENTIFIER, QUOTED_IDENTIFIER}; Bad HQL grammar [select * from PersonEntity p where p.email = ?1]
	at org.springframework.data.jpa.repository.query.BadJpqlGrammarErrorListener.syntaxError(BadJpqlGrammarErrorListener.java:53)
	at org.antlr.v4.runtime.ProxyErrorListener.syntaxError(ProxyErrorListener.java:41)
	at org.antlr.v4.runtime.Parser.notifyErrorListeners(Parser.java:544)
	at org.antlr.v4.runtime.DefaultErrorStrategy.reportUnwantedToken(DefaultErrorStrategy.java:377)
	at org.antlr.v4.runtime.DefaultErrorStrategy.singleTokenDeletion(DefaultErrorStrategy.java:548)
	at org.antlr.v4.runtime.DefaultErrorStrategy.sync(DefaultErrorStrategy.java:266)
	at org.springframework.data.jpa.repository.query.HqlParser.selectClause(HqlParser.java:3563)
	at org.springframework.data.jpa.repository.query.HqlParser.query(HqlParser.java:1330)
	at org.springframework.data.jpa.repository.query.HqlParser.orderedQuery(HqlParser.java:1171)
	at org.springframework.data.jpa.repository.query.HqlParser.queryExpression(HqlParser.java:540)
	at org.springframework.data.jpa.repository.query.HqlParser.selectStatement(HqlParser.java:472)
	at org.springframework.data.jpa.repository.query.HqlParser.ql_statement(HqlParser.java:402)
	at org.springframework.data.jpa.repository.query.HqlParser.start(HqlParser.java:339)
	at org.springframework.data.jpa.repository.query.JpaQueryEnhancer.parse(JpaQueryEnhancer.java:104)
	at org.springframework.data.jpa.repository.query.JpaQueryEnhancer$HqlQueryParser.<init>(JpaQueryEnhancer.java:319)
	at org.springframework.data.jpa.repository.query.JpaQueryEnhancer$HqlQueryParser.parseQuery(JpaQueryEnhancer.java:331)
	at org.springframework.data.jpa.repository.query.JpaQueryEnhancer.forHql(JpaQueryEnhancer.java:167)
	at org.springframework.data.jpa.repository.query.QueryEnhancerFactory.forQuery(QueryEnhancerFactory.java:68)
	at org.springframework.data.jpa.repository.query.StringQuery.<init>(StringQuery.java:100)
	at org.springframework.data.jpa.repository.query.StringQuery.<init>(StringQuery.java:79)
	at org.springframework.data.jpa.repository.query.ExpressionBasedStringQuery.<init>(ExpressionBasedStringQuery.java:65)
	at org.springframework.data.jpa.repository.query.AbstractStringBasedJpaQuery.<init>(AbstractStringBasedJpaQuery.java:87)
	at org.springframework.data.jpa.repository.query.SimpleJpaQuery.<init>(SimpleJpaQuery.java:65)
	at org.springframework.data.jpa.repository.query.JpaQueryFactory.fromMethodWithQueryString(JpaQueryFactory.java:49)
	at org.springframework.data.jpa.repository.query.JpaQueryLookupStrategy$DeclaredQueryLookupStrategy.resolveQuery(JpaQueryLookupStrategy.java:174)
	at org.springframework.data.jpa.repository.query.JpaQueryLookupStrategy$CreateIfNotFoundQueryLookupStrategy.resolveQuery(JpaQueryLookupStrategy.java:254)
	at org.springframework.data.jpa.repository.query.JpaQueryLookupStrategy$AbstractQueryLookupStrategy.resolveQuery(JpaQueryLookupStrategy.java:99)
	at org.springframework.data.repository.core.support.QueryExecutorMethodInterceptor.lookupQuery(QueryExecutorMethodInterceptor.java:116)
	... 59 common frames omitted
2026-07-30 21:28:12 INFO  com.web.project.ProjectApplication - Starting ProjectApplication using Java 23.0.1 with PID 2036 (C:\Users\Emrah\Desktop\Java kids\javakids4\spring\project-web\target\classes started by Emrah in C:\Users\Emrah\Desktop\Java kids\javakids4\spring\project-web)
2026-07-30 21:28:12 INFO  com.web.project.ProjectApplication - No active profile set, falling back to 1 default profile: "default"
2026-07-30 21:28:13 INFO  o.s.b.d.e.DevToolsPropertyDefaultsPostProcessor - Devtools property defaults active! Set 'spring.devtools.add-properties' to 'false' to disable
2026-07-30 21:28:13 INFO  o.s.b.d.e.DevToolsPropertyDefaultsPostProcessor - For additional web related logging consider setting the 'logging.level.web' property to 'DEBUG'
2026-07-30 21:28:16 INFO  o.s.d.r.c.RepositoryConfigurationDelegate - Bootstrapping Spring Data JPA repositories in DEFAULT mode.
2026-07-30 21:28:16 INFO  o.s.d.r.c.RepositoryConfigurationDelegate - Finished Spring Data repository scanning in 237 ms. Found 2 JPA repository interfaces.
2026-07-30 21:28:18 INFO  o.s.b.w.e.tomcat.TomcatWebServer - Tomcat initialized with port 8080 (http)
2026-07-30 21:28:18 INFO  o.a.coyote.http11.Http11NioProtocol - Initializing ProtocolHandler ["http-nio-8080"]
2026-07-30 21:28:18 INFO  o.a.catalina.core.StandardService - Starting service [Tomcat]
2026-07-30 21:28:18 INFO  o.a.catalina.core.StandardEngine - Starting Servlet engine: [Apache Tomcat/10.1.43]
2026-07-30 21:28:19 INFO  o.a.c.c.C.[Tomcat].[localhost].[/] - Initializing Spring embedded WebApplicationContext
2026-07-30 21:28:19 INFO  o.s.b.w.s.c.ServletWebServerApplicationContext - Root WebApplicationContext: initialization completed in 5898 ms
2026-07-30 21:28:19 INFO  com.zaxxer.hikari.HikariDataSource - HikariPool-1 - Starting...
2026-07-30 21:28:20 INFO  com.zaxxer.hikari.pool.HikariPool - HikariPool-1 - Added connection conn0: url=jdbc:h2:mem:DB user=ROOT
2026-07-30 21:28:20 INFO  com.zaxxer.hikari.HikariDataSource - HikariPool-1 - Start completed.
2026-07-30 21:28:20 WARN  o.s.b.w.s.c.AnnotationConfigServletWebServerApplicationContext - Exception encountered during context initialization - cancelling refresh attempt: org.springframework.beans.factory.BeanCreationException: Error creating bean with name 'entityManagerFactory' defined in class path resource [org/springframework/boot/autoconfigure/orm/jpa/HibernateJpaConfiguration.class]: Failed to initialize dependency 'dataSourceScriptDatabaseInitializer' of LoadTimeWeaverAware bean 'entityManagerFactory': Error creating bean with name 'dataSourceScriptDatabaseInitializer' defined in class path resource [org/springframework/boot/autoconfigure/sql/init/DataSourceInitializationConfiguration.class]: Failed to execute SQL script statement #5 of file [C:\Users\Emrah\Desktop\Java kids\javakids4\spring\project-web\target\classes\data.sql]: insert into persons( name, email) values ('Arif', 'Arif@gmail.com'), ('Nihat', 'nihat@gmail.com'), ('Teymur', 'teymur@gmail.com'), ('Sevin', 'sevin@gmail.com'),
2026-07-30 21:28:20 INFO  com.zaxxer.hikari.HikariDataSource - HikariPool-1 - Shutdown initiated...
2026-07-30 21:28:20 INFO  com.zaxxer.hikari.HikariDataSource - HikariPool-1 - Shutdown completed.
2026-07-30 21:28:20 INFO  o.a.catalina.core.StandardService - Stopping service [Tomcat]
2026-07-30 21:28:20 INFO  o.s.b.a.l.ConditionEvaluationReportLogger - 

Error starting ApplicationContext. To display the condition evaluation report re-run your application with 'debug' enabled.
2026-07-30 21:28:20 ERROR o.s.boot.SpringApplication - Application run failed
org.springframework.beans.factory.BeanCreationException: Error creating bean with name 'entityManagerFactory' defined in class path resource [org/springframework/boot/autoconfigure/orm/jpa/HibernateJpaConfiguration.class]: Failed to initialize dependency 'dataSourceScriptDatabaseInitializer' of LoadTimeWeaverAware bean 'entityManagerFactory': Error creating bean with name 'dataSourceScriptDatabaseInitializer' defined in class path resource [org/springframework/boot/autoconfigure/sql/init/DataSourceInitializationConfiguration.class]: Failed to execute SQL script statement #5 of file [C:\Users\Emrah\Desktop\Java kids\javakids4\spring\project-web\target\classes\data.sql]: insert into persons( name, email) values ('Arif', 'Arif@gmail.com'), ('Nihat', 'nihat@gmail.com'), ('Teymur', 'teymur@gmail.com'), ('Sevin', 'sevin@gmail.com'),
	at org.springframework.beans.factory.support.AbstractBeanFactory.doGetBean(AbstractBeanFactory.java:328)
	at org.springframework.beans.factory.support.AbstractBeanFactory.getBean(AbstractBeanFactory.java:207)
	at org.springframework.context.support.AbstractApplicationContext.finishBeanFactoryInitialization(AbstractApplicationContext.java:970)
	at org.springframework.context.support.AbstractApplicationContext.refresh(AbstractApplicationContext.java:627)
	at org.springframework.boot.web.servlet.context.ServletWebServerApplicationContext.refresh(ServletWebServerApplicationContext.java:146)
	at org.springframework.boot.SpringApplication.refresh(SpringApplication.java:752)
	at org.springframework.boot.SpringApplication.refreshContext(SpringApplication.java:439)
	at org.springframework.boot.SpringApplication.run(SpringApplication.java:318)
	at org.springframework.boot.SpringApplication.run(SpringApplication.java:1361)
	at org.springframework.boot.SpringApplication.run(SpringApplication.java:1350)
	at com.web.project.ProjectApplication.main(ProjectApplication.java:10)
	at java.base/jdk.internal.reflect.DirectMethodHandleAccessor.invoke(DirectMethodHandleAccessor.java:103)
	at java.base/java.lang.reflect.Method.invoke(Method.java:580)
	at org.springframework.boot.devtools.restart.RestartLauncher.run(RestartLauncher.java:50)
Caused by: org.springframework.beans.factory.BeanCreationException: Error creating bean with name 'dataSourceScriptDatabaseInitializer' defined in class path resource [org/springframework/boot/autoconfigure/sql/init/DataSourceInitializationConfiguration.class]: Failed to execute SQL script statement #5 of file [C:\Users\Emrah\Desktop\Java kids\javakids4\spring\project-web\target\classes\data.sql]: insert into persons( name, email) values ('Arif', 'Arif@gmail.com'), ('Nihat', 'nihat@gmail.com'), ('Teymur', 'teymur@gmail.com'), ('Sevin', 'sevin@gmail.com'),
	at org.springframework.beans.factory.support.AbstractAutowireCapableBeanFactory.initializeBean(AbstractAutowireCapableBeanFactory.java:1826)
	at org.springframework.beans.factory.support.AbstractAutowireCapableBeanFactory.doCreateBean(AbstractAutowireCapableBeanFactory.java:607)
	at org.springframework.beans.factory.support.AbstractAutowireCapableBeanFactory.createBean(AbstractAutowireCapableBeanFactory.java:529)
	at org.springframework.beans.factory.support.AbstractBeanFactory.lambda$doGetBean$0(AbstractBeanFactory.java:339)
	at org.springframework.beans.factory.support.DefaultSingletonBeanRegistry.getSingleton(DefaultSingletonBeanRegistry.java:373)
	at org.springframework.beans.factory.support.AbstractBeanFactory.doGetBean(AbstractBeanFactory.java:337)
	at org.springframework.beans.factory.support.AbstractBeanFactory.getBean(AbstractBeanFactory.java:202)
	at org.springframework.beans.factory.support.AbstractBeanFactory.doGetBean(AbstractBeanFactory.java:315)
	... 13 common frames omitted
Caused by: org.springframework.jdbc.datasource.init.ScriptStatementFailedException: Failed to execute SQL script statement #5 of file [C:\Users\Emrah\Desktop\Java kids\javakids4\spring\project-web\target\classes\data.sql]: insert into persons( name, email) values ('Arif', 'Arif@gmail.com'), ('Nihat', 'nihat@gmail.com'), ('Teymur', 'teymur@gmail.com'), ('Sevin', 'sevin@gmail.com'),
	at org.springframework.jdbc.datasource.init.ScriptUtils.executeSqlScript(ScriptUtils.java:282)
	at org.springframework.jdbc.datasource.init.ResourceDatabasePopulator.populate(ResourceDatabasePopulator.java:254)
	at org.springframework.jdbc.datasource.init.DatabasePopulatorUtils.execute(DatabasePopulatorUtils.java:54)
	at org.springframework.boot.jdbc.init.DataSourceScriptDatabaseInitializer.runScripts(DataSourceScriptDatabaseInitializer.java:87)
	at org.springframework.boot.sql.init.AbstractScriptDatabaseInitializer.runScripts(AbstractScriptDatabaseInitializer.java:146)
	at org.springframework.boot.sql.init.AbstractScriptDatabaseInitializer.applyScripts(AbstractScriptDatabaseInitializer.java:108)
	at org.springframework.boot.sql.init.AbstractScriptDatabaseInitializer.applyDataScripts(AbstractScriptDatabaseInitializer.java:102)
	at org.springframework.boot.sql.init.AbstractScriptDatabaseInitializer.initializeDatabase(AbstractScriptDatabaseInitializer.java:77)
	at org.springframework.boot.sql.init.AbstractScriptDatabaseInitializer.afterPropertiesSet(AbstractScriptDatabaseInitializer.java:66)
	at org.springframework.beans.factory.support.AbstractAutowireCapableBeanFactory.invokeInitMethods(AbstractAutowireCapableBeanFactory.java:1873)
	at org.springframework.beans.factory.support.AbstractAutowireCapableBeanFactory.initializeBean(AbstractAutowireCapableBeanFactory.java:1822)
	... 20 common frames omitted
Caused by: org.h2.jdbc.JdbcSQLSyntaxErrorException: Table "PERSONS" not found; SQL statement:
insert into persons( name, email) values ('Arif', 'Arif@gmail.com'), ('Nihat', 'nihat@gmail.com'), ('Teymur', 'teymur@gmail.com'), ('Sevin', 'sevin@gmail.com'), [42102-232]
	at org.h2.message.DbException.getJdbcSQLException(DbException.java:514)
	at org.h2.message.DbException.getJdbcSQLException(DbException.java:489)
	at org.h2.message.DbException.get(DbException.java:223)
	at org.h2.message.DbException.get(DbException.java:199)
	at org.h2.command.Parser.getTableOrViewNotFoundDbException(Parser.java:7945)
	at org.h2.command.Parser.getTableOrViewNotFoundDbException(Parser.java:7916)
	at org.h2.command.Parser.readTableOrView(Parser.java:7895)
	at org.h2.command.Parser.readTableOrView(Parser.java:7857)
	at org.h2.command.Parser.parseInsert(Parser.java:1521)
	at org.h2.command.Parser.parsePrepared(Parser.java:698)
	at org.h2.command.Parser.parse(Parser.java:581)
	at org.h2.command.Parser.parse(Parser.java:556)
	at org.h2.command.Parser.prepareCommand(Parser.java:484)
	at org.h2.engine.SessionLocal.prepareLocal(SessionLocal.java:645)
	at org.h2.engine.SessionLocal.prepareCommand(SessionLocal.java:561)
	at org.h2.jdbc.JdbcConnection.prepareCommand(JdbcConnection.java:1164)
	at org.h2.jdbc.JdbcStatement.executeInternal(JdbcStatement.java:245)
	at org.h2.jdbc.JdbcStatement.execute(JdbcStatement.java:231)
	at com.zaxxer.hikari.pool.ProxyStatement.execute(ProxyStatement.java:95)
	at com.zaxxer.hikari.pool.HikariProxyStatement.execute(HikariProxyStatement.java)
	at org.springframework.jdbc.datasource.init.ScriptUtils.executeSqlScript(ScriptUtils.java:261)
	... 30 common frames omitted
2026-07-30 21:29:04 INFO  com.web.project.ProjectApplication - Starting ProjectApplication using Java 23.0.1 with PID 21172 (C:\Users\Emrah\Desktop\Java kids\javakids4\spring\project-web\target\classes started by Emrah in C:\Users\Emrah\Desktop\Java kids\javakids4\spring\project-web)
2026-07-30 21:29:04 INFO  com.web.project.ProjectApplication - No active profile set, falling back to 1 default profile: "default"
2026-07-30 21:29:04 INFO  o.s.b.d.e.DevToolsPropertyDefaultsPostProcessor - Devtools property defaults active! Set 'spring.devtools.add-properties' to 'false' to disable
2026-07-30 21:29:04 INFO  o.s.b.d.e.DevToolsPropertyDefaultsPostProcessor - For additional web related logging consider setting the 'logging.level.web' property to 'DEBUG'
2026-07-30 21:29:07 INFO  o.s.d.r.c.RepositoryConfigurationDelegate - Bootstrapping Spring Data JPA repositories in DEFAULT mode.
2026-07-30 21:29:07 INFO  o.s.d.r.c.RepositoryConfigurationDelegate - Finished Spring Data repository scanning in 234 ms. Found 2 JPA repository interfaces.
2026-07-30 21:29:10 INFO  o.s.b.w.e.tomcat.TomcatWebServer - Tomcat initialized with port 8080 (http)
2026-07-30 21:29:10 INFO  o.a.coyote.http11.Http11NioProtocol - Initializing ProtocolHandler ["http-nio-8080"]
2026-07-30 21:29:10 INFO  o.a.catalina.core.StandardService - Starting service [Tomcat]
2026-07-30 21:29:10 INFO  o.a.catalina.core.StandardEngine - Starting Servlet engine: [Apache Tomcat/10.1.43]
2026-07-30 21:29:10 INFO  o.a.c.c.C.[Tomcat].[localhost].[/] - Initializing Spring embedded WebApplicationContext
2026-07-30 21:29:10 INFO  o.s.b.w.s.c.ServletWebServerApplicationContext - Root WebApplicationContext: initialization completed in 5327 ms
2026-07-30 21:29:10 INFO  com.zaxxer.hikari.HikariDataSource - HikariPool-1 - Starting...
2026-07-30 21:29:11 INFO  com.zaxxer.hikari.pool.HikariPool - HikariPool-1 - Added connection conn0: url=jdbc:h2:mem:DB user=ROOT
2026-07-30 21:29:11 INFO  com.zaxxer.hikari.HikariDataSource - HikariPool-1 - Start completed.
2026-07-30 21:29:11 WARN  o.s.b.w.s.c.AnnotationConfigServletWebServerApplicationContext - Exception encountered during context initialization - cancelling refresh attempt: org.springframework.beans.factory.BeanCreationException: Error creating bean with name 'entityManagerFactory' defined in class path resource [org/springframework/boot/autoconfigure/orm/jpa/HibernateJpaConfiguration.class]: Failed to initialize dependency 'dataSourceScriptDatabaseInitializer' of LoadTimeWeaverAware bean 'entityManagerFactory': Error creating bean with name 'dataSourceScriptDatabaseInitializer' defined in class path resource [org/springframework/boot/autoconfigure/sql/init/DataSourceInitializationConfiguration.class]: Failed to execute SQL script statement #5 of file [C:\Users\Emrah\Desktop\Java kids\javakids4\spring\project-web\target\classes\data.sql]: insert into persons(name, email) values ('Arif', 'Arif@gmail.com'), ('Nihat', 'nihat@gmail.com'), ('Teymur', 'teymur@gmail.com'), ('Sevin', 'sevin@gmail.com'),
2026-07-30 21:29:11 INFO  com.zaxxer.hikari.HikariDataSource - HikariPool-1 - Shutdown initiated...
2026-07-30 21:29:11 INFO  com.zaxxer.hikari.HikariDataSource - HikariPool-1 - Shutdown completed.
2026-07-30 21:29:11 INFO  o.a.catalina.core.StandardService - Stopping service [Tomcat]
2026-07-30 21:29:11 INFO  o.s.b.a.l.ConditionEvaluationReportLogger - 

Error starting ApplicationContext. To display the condition evaluation report re-run your application with 'debug' enabled.
2026-07-30 21:29:11 ERROR o.s.boot.SpringApplication - Application run failed
org.springframework.beans.factory.BeanCreationException: Error creating bean with name 'entityManagerFactory' defined in class path resource [org/springframework/boot/autoconfigure/orm/jpa/HibernateJpaConfiguration.class]: Failed to initialize dependency 'dataSourceScriptDatabaseInitializer' of LoadTimeWeaverAware bean 'entityManagerFactory': Error creating bean with name 'dataSourceScriptDatabaseInitializer' defined in class path resource [org/springframework/boot/autoconfigure/sql/init/DataSourceInitializationConfiguration.class]: Failed to execute SQL script statement #5 of file [C:\Users\Emrah\Desktop\Java kids\javakids4\spring\project-web\target\classes\data.sql]: insert into persons(name, email) values ('Arif', 'Arif@gmail.com'), ('Nihat', 'nihat@gmail.com'), ('Teymur', 'teymur@gmail.com'), ('Sevin', 'sevin@gmail.com'),
	at org.springframework.beans.factory.support.AbstractBeanFactory.doGetBean(AbstractBeanFactory.java:328)
	at org.springframework.beans.factory.support.AbstractBeanFactory.getBean(AbstractBeanFactory.java:207)
	at org.springframework.context.support.AbstractApplicationContext.finishBeanFactoryInitialization(AbstractApplicationContext.java:970)
	at org.springframework.context.support.AbstractApplicationContext.refresh(AbstractApplicationContext.java:627)
	at org.springframework.boot.web.servlet.context.ServletWebServerApplicationContext.refresh(ServletWebServerApplicationContext.java:146)
	at org.springframework.boot.SpringApplication.refresh(SpringApplication.java:752)
	at org.springframework.boot.SpringApplication.refreshContext(SpringApplication.java:439)
	at org.springframework.boot.SpringApplication.run(SpringApplication.java:318)
	at org.springframework.boot.SpringApplication.run(SpringApplication.java:1361)
	at org.springframework.boot.SpringApplication.run(SpringApplication.java:1350)
	at com.web.project.ProjectApplication.main(ProjectApplication.java:10)
	at java.base/jdk.internal.reflect.DirectMethodHandleAccessor.invoke(DirectMethodHandleAccessor.java:103)
	at java.base/java.lang.reflect.Method.invoke(Method.java:580)
	at org.springframework.boot.devtools.restart.RestartLauncher.run(RestartLauncher.java:50)
Caused by: org.springframework.beans.factory.BeanCreationException: Error creating bean with name 'dataSourceScriptDatabaseInitializer' defined in class path resource [org/springframework/boot/autoconfigure/sql/init/DataSourceInitializationConfiguration.class]: Failed to execute SQL script statement #5 of file [C:\Users\Emrah\Desktop\Java kids\javakids4\spring\project-web\target\classes\data.sql]: insert into persons(name, email) values ('Arif', 'Arif@gmail.com'), ('Nihat', 'nihat@gmail.com'), ('Teymur', 'teymur@gmail.com'), ('Sevin', 'sevin@gmail.com'),
	at org.springframework.beans.factory.support.AbstractAutowireCapableBeanFactory.initializeBean(AbstractAutowireCapableBeanFactory.java:1826)
	at org.springframework.beans.factory.support.AbstractAutowireCapableBeanFactory.doCreateBean(AbstractAutowireCapableBeanFactory.java:607)
	at org.springframework.beans.factory.support.AbstractAutowireCapableBeanFactory.createBean(AbstractAutowireCapableBeanFactory.java:529)
	at org.springframework.beans.factory.support.AbstractBeanFactory.lambda$doGetBean$0(AbstractBeanFactory.java:339)
	at org.springframework.beans.factory.support.DefaultSingletonBeanRegistry.getSingleton(DefaultSingletonBeanRegistry.java:373)
	at org.springframework.beans.factory.support.AbstractBeanFactory.doGetBean(AbstractBeanFactory.java:337)
	at org.springframework.beans.factory.support.AbstractBeanFactory.getBean(AbstractBeanFactory.java:202)
	at org.springframework.beans.factory.support.AbstractBeanFactory.doGetBean(AbstractBeanFactory.java:315)
	... 13 common frames omitted
Caused by: org.springframework.jdbc.datasource.init.ScriptStatementFailedException: Failed to execute SQL script statement #5 of file [C:\Users\Emrah\Desktop\Java kids\javakids4\spring\project-web\target\classes\data.sql]: insert into persons(name, email) values ('Arif', 'Arif@gmail.com'), ('Nihat', 'nihat@gmail.com'), ('Teymur', 'teymur@gmail.com'), ('Sevin', 'sevin@gmail.com'),
	at org.springframework.jdbc.datasource.init.ScriptUtils.executeSqlScript(ScriptUtils.java:282)
	at org.springframework.jdbc.datasource.init.ResourceDatabasePopulator.populate(ResourceDatabasePopulator.java:254)
	at org.springframework.jdbc.datasource.init.DatabasePopulatorUtils.execute(DatabasePopulatorUtils.java:54)
	at org.springframework.boot.jdbc.init.DataSourceScriptDatabaseInitializer.runScripts(DataSourceScriptDatabaseInitializer.java:87)
	at org.springframework.boot.sql.init.AbstractScriptDatabaseInitializer.runScripts(AbstractScriptDatabaseInitializer.java:146)
	at org.springframework.boot.sql.init.AbstractScriptDatabaseInitializer.applyScripts(AbstractScriptDatabaseInitializer.java:108)
	at org.springframework.boot.sql.init.AbstractScriptDatabaseInitializer.applyDataScripts(AbstractScriptDatabaseInitializer.java:102)
	at org.springframework.boot.sql.init.AbstractScriptDatabaseInitializer.initializeDatabase(AbstractScriptDatabaseInitializer.java:77)
	at org.springframework.boot.sql.init.AbstractScriptDatabaseInitializer.afterPropertiesSet(AbstractScriptDatabaseInitializer.java:66)
	at org.springframework.beans.factory.support.AbstractAutowireCapableBeanFactory.invokeInitMethods(AbstractAutowireCapableBeanFactory.java:1873)
	at org.springframework.beans.factory.support.AbstractAutowireCapableBeanFactory.initializeBean(AbstractAutowireCapableBeanFactory.java:1822)
	... 20 common frames omitted
Caused by: org.h2.jdbc.JdbcSQLSyntaxErrorException: Table "PERSONS" not found; SQL statement:
insert into persons(name, email) values ('Arif', 'Arif@gmail.com'), ('Nihat', 'nihat@gmail.com'), ('Teymur', 'teymur@gmail.com'), ('Sevin', 'sevin@gmail.com'), [42102-232]
	at org.h2.message.DbException.getJdbcSQLException(DbException.java:514)
	at org.h2.message.DbException.getJdbcSQLException(DbException.java:489)
	at org.h2.message.DbException.get(DbException.java:223)
	at org.h2.message.DbException.get(DbException.java:199)
	at org.h2.command.Parser.getTableOrViewNotFoundDbException(Parser.java:7945)
	at org.h2.command.Parser.getTableOrViewNotFoundDbException(Parser.java:7916)
	at org.h2.command.Parser.readTableOrView(Parser.java:7895)
	at org.h2.command.Parser.readTableOrView(Parser.java:7857)
	at org.h2.command.Parser.parseInsert(Parser.java:1521)
	at org.h2.command.Parser.parsePrepared(Parser.java:698)
	at org.h2.command.Parser.parse(Parser.java:581)
	at org.h2.command.Parser.parse(Parser.java:556)
	at org.h2.command.Parser.prepareCommand(Parser.java:484)
	at org.h2.engine.SessionLocal.prepareLocal(SessionLocal.java:645)
	at org.h2.engine.SessionLocal.prepareCommand(SessionLocal.java:561)
	at org.h2.jdbc.JdbcConnection.prepareCommand(JdbcConnection.java:1164)
	at org.h2.jdbc.JdbcStatement.executeInternal(JdbcStatement.java:245)
	at org.h2.jdbc.JdbcStatement.execute(JdbcStatement.java:231)
	at com.zaxxer.hikari.pool.ProxyStatement.execute(ProxyStatement.java:95)
	at com.zaxxer.hikari.pool.HikariProxyStatement.execute(HikariProxyStatement.java)
	at org.springframework.jdbc.datasource.init.ScriptUtils.executeSqlScript(ScriptUtils.java:261)
	... 30 common frames omitted
2026-07-30 21:29:49 INFO  com.web.project.ProjectApplication - Starting ProjectApplication using Java 23.0.1 with PID 20240 (C:\Users\Emrah\Desktop\Java kids\javakids4\spring\project-web\target\classes started by Emrah in C:\Users\Emrah\Desktop\Java kids\javakids4\spring\project-web)
2026-07-30 21:29:49 INFO  com.web.project.ProjectApplication - No active profile set, falling back to 1 default profile: "default"
2026-07-30 21:29:50 INFO  o.s.b.d.e.DevToolsPropertyDefaultsPostProcessor - Devtools property defaults active! Set 'spring.devtools.add-properties' to 'false' to disable
2026-07-30 21:29:50 INFO  o.s.b.d.e.DevToolsPropertyDefaultsPostProcessor - For additional web related logging consider setting the 'logging.level.web' property to 'DEBUG'
2026-07-30 21:29:53 INFO  o.s.d.r.c.RepositoryConfigurationDelegate - Bootstrapping Spring Data JPA repositories in DEFAULT mode.
2026-07-30 21:29:53 INFO  o.s.d.r.c.RepositoryConfigurationDelegate - Finished Spring Data repository scanning in 137 ms. Found 2 JPA repository interfaces.
2026-07-30 21:29:55 INFO  o.s.b.w.e.tomcat.TomcatWebServer - Tomcat initialized with port 8080 (http)
2026-07-30 21:29:55 INFO  o.a.coyote.http11.Http11NioProtocol - Initializing ProtocolHandler ["http-nio-8080"]
2026-07-30 21:29:55 INFO  o.a.catalina.core.StandardService - Starting service [Tomcat]
2026-07-30 21:29:55 INFO  o.a.catalina.core.StandardEngine - Starting Servlet engine: [Apache Tomcat/10.1.43]
2026-07-30 21:29:55 INFO  o.a.c.c.C.[Tomcat].[localhost].[/] - Initializing Spring embedded WebApplicationContext
2026-07-30 21:29:55 INFO  o.s.b.w.s.c.ServletWebServerApplicationContext - Root WebApplicationContext: initialization completed in 5080 ms
2026-07-30 21:29:55 INFO  com.zaxxer.hikari.HikariDataSource - HikariPool-1 - Starting...
2026-07-30 21:29:56 INFO  com.zaxxer.hikari.pool.HikariPool - HikariPool-1 - Added connection conn0: url=jdbc:h2:mem:DB user=ROOT
2026-07-30 21:29:56 INFO  com.zaxxer.hikari.HikariDataSource - HikariPool-1 - Start completed.
2026-07-30 21:29:56 WARN  o.s.b.w.s.c.AnnotationConfigServletWebServerApplicationContext - Exception encountered during context initialization - cancelling refresh attempt: org.springframework.beans.factory.BeanCreationException: Error creating bean with name 'entityManagerFactory' defined in class path resource [org/springframework/boot/autoconfigure/orm/jpa/HibernateJpaConfiguration.class]: Failed to initialize dependency 'dataSourceScriptDatabaseInitializer' of LoadTimeWeaverAware bean 'entityManagerFactory': Error creating bean with name 'dataSourceScriptDatabaseInitializer' defined in class path resource [org/springframework/boot/autoconfigure/sql/init/DataSourceInitializationConfiguration.class]: Failed to execute SQL script statement #5 of file [C:\Users\Emrah\Desktop\Java kids\javakids4\spring\project-web\target\classes\data.sql]: insert into persons(name, email) values ('Arif', 'Arif@gmail.com'), ('Nihat', 'nihat@gmail.com'), ('Teymur', 'teymur@gmail.com'), ('Sevin', 'sevin@gmail.com')
2026-07-30 21:29:56 INFO  com.zaxxer.hikari.HikariDataSource - HikariPool-1 - Shutdown initiated...
2026-07-30 21:29:56 INFO  com.zaxxer.hikari.HikariDataSource - HikariPool-1 - Shutdown completed.
2026-07-30 21:29:56 INFO  o.a.catalina.core.StandardService - Stopping service [Tomcat]
2026-07-30 21:29:56 INFO  o.s.b.a.l.ConditionEvaluationReportLogger - 

Error starting ApplicationContext. To display the condition evaluation report re-run your application with 'debug' enabled.
2026-07-30 21:29:56 ERROR o.s.boot.SpringApplication - Application run failed
org.springframework.beans.factory.BeanCreationException: Error creating bean with name 'entityManagerFactory' defined in class path resource [org/springframework/boot/autoconfigure/orm/jpa/HibernateJpaConfiguration.class]: Failed to initialize dependency 'dataSourceScriptDatabaseInitializer' of LoadTimeWeaverAware bean 'entityManagerFactory': Error creating bean with name 'dataSourceScriptDatabaseInitializer' defined in class path resource [org/springframework/boot/autoconfigure/sql/init/DataSourceInitializationConfiguration.class]: Failed to execute SQL script statement #5 of file [C:\Users\Emrah\Desktop\Java kids\javakids4\spring\project-web\target\classes\data.sql]: insert into persons(name, email) values ('Arif', 'Arif@gmail.com'), ('Nihat', 'nihat@gmail.com'), ('Teymur', 'teymur@gmail.com'), ('Sevin', 'sevin@gmail.com')
	at org.springframework.beans.factory.support.AbstractBeanFactory.doGetBean(AbstractBeanFactory.java:328)
	at org.springframework.beans.factory.support.AbstractBeanFactory.getBean(AbstractBeanFactory.java:207)
	at org.springframework.context.support.AbstractApplicationContext.finishBeanFactoryInitialization(AbstractApplicationContext.java:970)
	at org.springframework.context.support.AbstractApplicationContext.refresh(AbstractApplicationContext.java:627)
	at org.springframework.boot.web.servlet.context.ServletWebServerApplicationContext.refresh(ServletWebServerApplicationContext.java:146)
	at org.springframework.boot.SpringApplication.refresh(SpringApplication.java:752)
	at org.springframework.boot.SpringApplication.refreshContext(SpringApplication.java:439)
	at org.springframework.boot.SpringApplication.run(SpringApplication.java:318)
	at org.springframework.boot.SpringApplication.run(SpringApplication.java:1361)
	at org.springframework.boot.SpringApplication.run(SpringApplication.java:1350)
	at com.web.project.ProjectApplication.main(ProjectApplication.java:10)
	at java.base/jdk.internal.reflect.DirectMethodHandleAccessor.invoke(DirectMethodHandleAccessor.java:103)
	at java.base/java.lang.reflect.Method.invoke(Method.java:580)
	at org.springframework.boot.devtools.restart.RestartLauncher.run(RestartLauncher.java:50)
Caused by: org.springframework.beans.factory.BeanCreationException: Error creating bean with name 'dataSourceScriptDatabaseInitializer' defined in class path resource [org/springframework/boot/autoconfigure/sql/init/DataSourceInitializationConfiguration.class]: Failed to execute SQL script statement #5 of file [C:\Users\Emrah\Desktop\Java kids\javakids4\spring\project-web\target\classes\data.sql]: insert into persons(name, email) values ('Arif', 'Arif@gmail.com'), ('Nihat', 'nihat@gmail.com'), ('Teymur', 'teymur@gmail.com'), ('Sevin', 'sevin@gmail.com')
	at org.springframework.beans.factory.support.AbstractAutowireCapableBeanFactory.initializeBean(AbstractAutowireCapableBeanFactory.java:1826)
	at org.springframework.beans.factory.support.AbstractAutowireCapableBeanFactory.doCreateBean(AbstractAutowireCapableBeanFactory.java:607)
	at org.springframework.beans.factory.support.AbstractAutowireCapableBeanFactory.createBean(AbstractAutowireCapableBeanFactory.java:529)
	at org.springframework.beans.factory.support.AbstractBeanFactory.lambda$doGetBean$0(AbstractBeanFactory.java:339)
	at org.springframework.beans.factory.support.DefaultSingletonBeanRegistry.getSingleton(DefaultSingletonBeanRegistry.java:373)
	at org.springframework.beans.factory.support.AbstractBeanFactory.doGetBean(AbstractBeanFactory.java:337)
	at org.springframework.beans.factory.support.AbstractBeanFactory.getBean(AbstractBeanFactory.java:202)
	at org.springframework.beans.factory.support.AbstractBeanFactory.doGetBean(AbstractBeanFactory.java:315)
	... 13 common frames omitted
Caused by: org.springframework.jdbc.datasource.init.ScriptStatementFailedException: Failed to execute SQL script statement #5 of file [C:\Users\Emrah\Desktop\Java kids\javakids4\spring\project-web\target\classes\data.sql]: insert into persons(name, email) values ('Arif', 'Arif@gmail.com'), ('Nihat', 'nihat@gmail.com'), ('Teymur', 'teymur@gmail.com'), ('Sevin', 'sevin@gmail.com')
	at org.springframework.jdbc.datasource.init.ScriptUtils.executeSqlScript(ScriptUtils.java:282)
	at org.springframework.jdbc.datasource.init.ResourceDatabasePopulator.populate(ResourceDatabasePopulator.java:254)
	at org.springframework.jdbc.datasource.init.DatabasePopulatorUtils.execute(DatabasePopulatorUtils.java:54)
	at org.springframework.boot.jdbc.init.DataSourceScriptDatabaseInitializer.runScripts(DataSourceScriptDatabaseInitializer.java:87)
	at org.springframework.boot.sql.init.AbstractScriptDatabaseInitializer.runScripts(AbstractScriptDatabaseInitializer.java:146)
	at org.springframework.boot.sql.init.AbstractScriptDatabaseInitializer.applyScripts(AbstractScriptDatabaseInitializer.java:108)
	at org.springframework.boot.sql.init.AbstractScriptDatabaseInitializer.applyDataScripts(AbstractScriptDatabaseInitializer.java:102)
	at org.springframework.boot.sql.init.AbstractScriptDatabaseInitializer.initializeDatabase(AbstractScriptDatabaseInitializer.java:77)
	at org.springframework.boot.sql.init.AbstractScriptDatabaseInitializer.afterPropertiesSet(AbstractScriptDatabaseInitializer.java:66)
	at org.springframework.beans.factory.support.AbstractAutowireCapableBeanFactory.invokeInitMethods(AbstractAutowireCapableBeanFactory.java:1873)
	at org.springframework.beans.factory.support.AbstractAutowireCapableBeanFactory.initializeBean(AbstractAutowireCapableBeanFactory.java:1822)
	... 20 common frames omitted
Caused by: org.h2.jdbc.JdbcSQLSyntaxErrorException: Table "PERSONS" not found; SQL statement:
insert into persons(name, email) values ('Arif', 'Arif@gmail.com'), ('Nihat', 'nihat@gmail.com'), ('Teymur', 'teymur@gmail.com'), ('Sevin', 'sevin@gmail.com') [42102-232]
	at org.h2.message.DbException.getJdbcSQLException(DbException.java:514)
	at org.h2.message.DbException.getJdbcSQLException(DbException.java:489)
	at org.h2.message.DbException.get(DbException.java:223)
	at org.h2.message.DbException.get(DbException.java:199)
	at org.h2.command.Parser.getTableOrViewNotFoundDbException(Parser.java:7945)
	at org.h2.command.Parser.getTableOrViewNotFoundDbException(Parser.java:7916)
	at org.h2.command.Parser.readTableOrView(Parser.java:7895)
	at org.h2.command.Parser.readTableOrView(Parser.java:7857)
	at org.h2.command.Parser.parseInsert(Parser.java:1521)
	at org.h2.command.Parser.parsePrepared(Parser.java:698)
	at org.h2.command.Parser.parse(Parser.java:581)
	at org.h2.command.Parser.parse(Parser.java:556)
	at org.h2.command.Parser.prepareCommand(Parser.java:484)
	at org.h2.engine.SessionLocal.prepareLocal(SessionLocal.java:645)
	at org.h2.engine.SessionLocal.prepareCommand(SessionLocal.java:561)
	at org.h2.jdbc.JdbcConnection.prepareCommand(JdbcConnection.java:1164)
	at org.h2.jdbc.JdbcStatement.executeInternal(JdbcStatement.java:245)
	at org.h2.jdbc.JdbcStatement.execute(JdbcStatement.java:231)
	at com.zaxxer.hikari.pool.ProxyStatement.execute(ProxyStatement.java:95)
	at com.zaxxer.hikari.pool.HikariProxyStatement.execute(HikariProxyStatement.java)
	at org.springframework.jdbc.datasource.init.ScriptUtils.executeSqlScript(ScriptUtils.java:261)
	... 30 common frames omitted
2026-07-30 21:32:00 INFO  com.web.project.ProjectApplication - Starting ProjectApplication using Java 23.0.1 with PID 14716 (C:\Users\Emrah\Desktop\Java kids\javakids4\spring\project-web\target\classes started by Emrah in C:\Users\Emrah\Desktop\Java kids\javakids4\spring\project-web)
2026-07-30 21:32:00 INFO  com.web.project.ProjectApplication - No active profile set, falling back to 1 default profile: "default"
2026-07-30 21:32:00 INFO  o.s.b.d.e.DevToolsPropertyDefaultsPostProcessor - Devtools property defaults active! Set 'spring.devtools.add-properties' to 'false' to disable
2026-07-30 21:32:00 INFO  o.s.b.d.e.DevToolsPropertyDefaultsPostProcessor - For additional web related logging consider setting the 'logging.level.web' property to 'DEBUG'
2026-07-30 21:32:03 INFO  o.s.d.r.c.RepositoryConfigurationDelegate - Bootstrapping Spring Data JPA repositories in DEFAULT mode.
2026-07-30 21:32:03 INFO  o.s.d.r.c.RepositoryConfigurationDelegate - Finished Spring Data repository scanning in 182 ms. Found 2 JPA repository interfaces.
2026-07-30 21:32:06 INFO  o.s.b.w.e.tomcat.TomcatWebServer - Tomcat initialized with port 8080 (http)
2026-07-30 21:32:06 INFO  o.a.coyote.http11.Http11NioProtocol - Initializing ProtocolHandler ["http-nio-8080"]
2026-07-30 21:32:06 INFO  o.a.catalina.core.StandardService - Starting service [Tomcat]
2026-07-30 21:32:06 INFO  o.a.catalina.core.StandardEngine - Starting Servlet engine: [Apache Tomcat/10.1.43]
2026-07-30 21:32:06 INFO  o.a.c.c.C.[Tomcat].[localhost].[/] - Initializing Spring embedded WebApplicationContext
2026-07-30 21:32:06 INFO  o.s.b.w.s.c.ServletWebServerApplicationContext - Root WebApplicationContext: initialization completed in 5755 ms
2026-07-30 21:32:07 INFO  o.h.jpa.internal.util.LogHelper - HHH000204: Processing PersistenceUnitInfo [name: default]
2026-07-30 21:32:07 INFO  org.hibernate.Version - HHH000412: Hibernate ORM core version 6.6.22.Final
2026-07-30 21:32:07 INFO  o.h.c.i.RegionFactoryInitiator - HHH000026: Second-level cache disabled
2026-07-30 21:32:08 INFO  o.s.o.j.p.SpringPersistenceUnitInfo - No LoadTimeWeaver setup: ignoring JPA class transformer
2026-07-30 21:32:09 INFO  com.zaxxer.hikari.HikariDataSource - HikariPool-1 - Starting...
2026-07-30 21:32:10 INFO  com.zaxxer.hikari.pool.HikariPool - HikariPool-1 - Added connection conn0: url=jdbc:h2:mem:DB user=ROOT
2026-07-30 21:32:10 INFO  com.zaxxer.hikari.HikariDataSource - HikariPool-1 - Start completed.
2026-07-30 21:32:10 INFO  o.hibernate.orm.connections.pooling - HHH10001005: Database info:
	Database JDBC URL [Connecting through datasource 'HikariDataSource (HikariPool-1)']
	Database driver: undefined/unknown
	Database version: 2.3.232
	Autocommit mode: undefined/unknown
	Isolation level: undefined/unknown
	Minimum pool size: undefined/unknown
	Maximum pool size: undefined/unknown
2026-07-30 21:32:16 INFO  o.h.e.t.j.p.i.JtaPlatformInitiator - HHH000489: No JTA platform available (set 'hibernate.transaction.jta.platform' to enable JTA platform integration)
2026-07-30 21:32:16 INFO  o.s.o.j.LocalContainerEntityManagerFactoryBean - Initialized JPA EntityManagerFactory for persistence unit 'default'
2026-07-30 21:32:20 INFO  o.s.d.j.r.query.QueryEnhancerFactory - Hibernate is in classpath; If applicable, HQL parser will be used.
2026-07-30 21:32:22 WARN  o.s.b.w.s.c.AnnotationConfigServletWebServerApplicationContext - Exception encountered during context initialization - cancelling refresh attempt: org.springframework.beans.factory.UnsatisfiedDependencyException: Error creating bean with name 'personRestController' defined in file [C:\Users\Emrah\Desktop\Java kids\javakids4\spring\project-web\target\classes\com\web\project\controller\PersonRestController.class]: Unsatisfied dependency expressed through constructor parameter 0: Error creating bean with name 'personService' defined in file [C:\Users\Emrah\Desktop\Java kids\javakids4\spring\project-web\target\classes\com\web\project\service\PersonService.class]: Unsatisfied dependency expressed through constructor parameter 0: Error creating bean with name 'personRepository' defined in com.web.project.repository.PersonRepository defined in @EnableJpaRepositories declared on JpaRepositoriesRegistrar.EnableJpaRepositoriesConfiguration: Could not create query for public abstract java.util.List com.web.project.repository.PersonRepository.findByEmail(java.lang.String); Reason: At 1:7 and token '*', extraneous input '*' expecting {'(', '[', ':', '{', '?', ID, VERSION, VERSIONED, NATURALID, FK, ALL, AND, ANY, AS, ASC, AVG, BETWEEN, BOTH, BREADTH, BY, CASE, CAST, COLLATE, COLUMN, CONFLICT, CONSTRAINT, CONTAINS, COUNT, CROSS, CUBE, CURRENT, CURRENT_DATE, CURRENT_INSTANT, CURRENT_TIME, CURRENT_TIMESTAMP, CYCLE, DATE, DATETIME, DAY, DEFAULT, DELETE, DEPTH, DESC, DISTINCT, DO, ELEMENT, ELEMENTS, ELSE, EMPTY, END, ENTRY, EPOCH, ERROR, ESCAPE, EVERY, EXCEPT, EXCLUDE, EXISTS, EXTRACT, FETCH, FILTER, FIRST, FOLLOWING, FOR, FORMAT, FROM, FULL, FUNCTION, GROUP, GROUPS, HAVING, HOUR, IGNORE, ILIKE, IN, INCLUDES, INDEX, INDICES, INNER, INSERT, INSTANT, INTERSECT, INTERSECTS, INTO, IS, JOIN, KEY, KEYS, LAST, LATERAL, LEADING, LEFT, LIKE, LIMIT, LIST, LISTAGG, LOCAL, LOCAL_DATE, LOCAL_DATETIME, LOCAL_TIME, MAP, MATERIALIZED, MAX, MAXELEMENT, MAXINDEX, MEMBER, MICROSECOND, MILLISECOND, MIN, MINELEMENT, MININDEX, MINUTE, MONTH, NANOSECOND, NEW, NEXT, NO, NOT, NOTHING, NULLS, OBJECT, OF, OFFSET, OFFSET_DATETIME, ON, ONLY, OR, ORDER, OTHERS, OUTER, OVER, OVERFLOW, OVERLAY, PAD, PARTITION, PERCENT, PLACING, POSITION, PRECEDING, QUARTER, RANGE, RESPECT, RIGHT, ROLLUP, ROW, ROWS, SEARCH, SECOND, SELECT, SET, SIZE, SOME, SUBSTRING, SUM, THEN, TIES, TIME, TIMESTAMP, TIMEZONE_HOUR, TIMEZONE_MINUTE, TO, TRAILING, TREAT, TRIM, TRUNC, TRUNCATE, TYPE, UNBOUNDED, UNION, UPDATE, USING, VALUE, VALUES, WEEK, WHEN, WHERE, WITH, WITHIN, WITHOUT, YEAR, ZONED, NULL, TRUE, FALSE, STRING_LITERAL, JAVA_STRING_LITERAL, INTEGER_LITERAL, LONG_LITERAL, FLOAT_LITERAL, DOUBLE_LITERAL, BIG_INTEGER_LITERAL, BIG_DECIMAL_LITERAL, HEX_LITERAL, BINARY_LITERAL, '{ts', '{d', '{t', '+', '-', IDENTIFIER, QUOTED_IDENTIFIER}; Bad HQL grammar [select * from PersonEntity p where p.email = ?1]
2026-07-30 21:32:22 INFO  o.s.o.j.LocalContainerEntityManagerFactoryBean - Closing JPA EntityManagerFactory for persistence unit 'default'
2026-07-30 21:32:22 WARN  o.s.b.f.s.DisposableBeanAdapter - Invocation of destroy method failed on bean with name 'inMemoryDatabaseShutdownExecutor': org.h2.jdbc.JdbcSQLNonTransientConnectionException: Database is already closed (to disable automatic closing at VM shutdown, add ";DB_CLOSE_ON_EXIT=FALSE" to the db URL) [90121-232]
2026-07-30 21:32:22 INFO  com.zaxxer.hikari.HikariDataSource - HikariPool-1 - Shutdown initiated...
2026-07-30 21:32:22 INFO  com.zaxxer.hikari.HikariDataSource - HikariPool-1 - Shutdown completed.
2026-07-30 21:32:22 INFO  o.a.catalina.core.StandardService - Stopping service [Tomcat]
2026-07-30 21:32:22 INFO  o.s.b.a.l.ConditionEvaluationReportLogger - 

Error starting ApplicationContext. To display the condition evaluation report re-run your application with 'debug' enabled.
2026-07-30 21:32:23 ERROR o.s.boot.SpringApplication - Application run failed
org.springframework.beans.factory.UnsatisfiedDependencyException: Error creating bean with name 'personRestController' defined in file [C:\Users\Emrah\Desktop\Java kids\javakids4\spring\project-web\target\classes\com\web\project\controller\PersonRestController.class]: Unsatisfied dependency expressed through constructor parameter 0: Error creating bean with name 'personService' defined in file [C:\Users\Emrah\Desktop\Java kids\javakids4\spring\project-web\target\classes\com\web\project\service\PersonService.class]: Unsatisfied dependency expressed through constructor parameter 0: Error creating bean with name 'personRepository' defined in com.web.project.repository.PersonRepository defined in @EnableJpaRepositories declared on JpaRepositoriesRegistrar.EnableJpaRepositoriesConfiguration: Could not create query for public abstract java.util.List com.web.project.repository.PersonRepository.findByEmail(java.lang.String); Reason: At 1:7 and token '*', extraneous input '*' expecting {'(', '[', ':', '{', '?', ID, VERSION, VERSIONED, NATURALID, FK, ALL, AND, ANY, AS, ASC, AVG, BETWEEN, BOTH, BREADTH, BY, CASE, CAST, COLLATE, COLUMN, CONFLICT, CONSTRAINT, CONTAINS, COUNT, CROSS, CUBE, CURRENT, CURRENT_DATE, CURRENT_INSTANT, CURRENT_TIME, CURRENT_TIMESTAMP, CYCLE, DATE, DATETIME, DAY, DEFAULT, DELETE, DEPTH, DESC, DISTINCT, DO, ELEMENT, ELEMENTS, ELSE, EMPTY, END, ENTRY, EPOCH, ERROR, ESCAPE, EVERY, EXCEPT, EXCLUDE, EXISTS, EXTRACT, FETCH, FILTER, FIRST, FOLLOWING, FOR, FORMAT, FROM, FULL, FUNCTION, GROUP, GROUPS, HAVING, HOUR, IGNORE, ILIKE, IN, INCLUDES, INDEX, INDICES, INNER, INSERT, INSTANT, INTERSECT, INTERSECTS, INTO, IS, JOIN, KEY, KEYS, LAST, LATERAL, LEADING, LEFT, LIKE, LIMIT, LIST, LISTAGG, LOCAL, LOCAL_DATE, LOCAL_DATETIME, LOCAL_TIME, MAP, MATERIALIZED, MAX, MAXELEMENT, MAXINDEX, MEMBER, MICROSECOND, MILLISECOND, MIN, MINELEMENT, MININDEX, MINUTE, MONTH, NANOSECOND, NEW, NEXT, NO, NOT, NOTHING, NULLS, OBJECT, OF, OFFSET, OFFSET_DATETIME, ON, ONLY, OR, ORDER, OTHERS, OUTER, OVER, OVERFLOW, OVERLAY, PAD, PARTITION, PERCENT, PLACING, POSITION, PRECEDING, QUARTER, RANGE, RESPECT, RIGHT, ROLLUP, ROW, ROWS, SEARCH, SECOND, SELECT, SET, SIZE, SOME, SUBSTRING, SUM, THEN, TIES, TIME, TIMESTAMP, TIMEZONE_HOUR, TIMEZONE_MINUTE, TO, TRAILING, TREAT, TRIM, TRUNC, TRUNCATE, TYPE, UNBOUNDED, UNION, UPDATE, USING, VALUE, VALUES, WEEK, WHEN, WHERE, WITH, WITHIN, WITHOUT, YEAR, ZONED, NULL, TRUE, FALSE, STRING_LITERAL, JAVA_STRING_LITERAL, INTEGER_LITERAL, LONG_LITERAL, FLOAT_LITERAL, DOUBLE_LITERAL, BIG_INTEGER_LITERAL, BIG_DECIMAL_LITERAL, HEX_LITERAL, BINARY_LITERAL, '{ts', '{d', '{t', '+', '-', IDENTIFIER, QUOTED_IDENTIFIER}; Bad HQL grammar [select * from PersonEntity p where p.email = ?1]
	at org.springframework.beans.factory.support.ConstructorResolver.createArgumentArray(ConstructorResolver.java:804)
	at org.springframework.beans.factory.support.ConstructorResolver.autowireConstructor(ConstructorResolver.java:240)
	at org.springframework.beans.factory.support.AbstractAutowireCapableBeanFactory.autowireConstructor(AbstractAutowireCapableBeanFactory.java:1395)
	at org.springframework.beans.factory.support.AbstractAutowireCapableBeanFactory.createBeanInstance(AbstractAutowireCapableBeanFactory.java:1232)
	at org.springframework.beans.factory.support.AbstractAutowireCapableBeanFactory.doCreateBean(AbstractAutowireCapableBeanFactory.java:569)
	at org.springframework.beans.factory.support.AbstractAutowireCapableBeanFactory.createBean(AbstractAutowireCapableBeanFactory.java:529)
	at org.springframework.beans.factory.support.AbstractBeanFactory.lambda$doGetBean$0(AbstractBeanFactory.java:339)
	at org.springframework.beans.factory.support.DefaultSingletonBeanRegistry.getSingleton(DefaultSingletonBeanRegistry.java:373)
	at org.springframework.beans.factory.support.AbstractBeanFactory.doGetBean(AbstractBeanFactory.java:337)
	at org.springframework.beans.factory.support.AbstractBeanFactory.getBean(AbstractBeanFactory.java:202)
	at org.springframework.beans.factory.support.DefaultListableBeanFactory.instantiateSingleton(DefaultListableBeanFactory.java:1222)
	at org.springframework.beans.factory.support.DefaultListableBeanFactory.preInstantiateSingleton(DefaultListableBeanFactory.java:1188)
	at org.springframework.beans.factory.support.DefaultListableBeanFactory.preInstantiateSingletons(DefaultListableBeanFactory.java:1123)
	at org.springframework.context.support.AbstractApplicationContext.finishBeanFactoryInitialization(AbstractApplicationContext.java:987)
	at org.springframework.context.support.AbstractApplicationContext.refresh(AbstractApplicationContext.java:627)
	at org.springframework.boot.web.servlet.context.ServletWebServerApplicationContext.refresh(ServletWebServerApplicationContext.java:146)
	at org.springframework.boot.SpringApplication.refresh(SpringApplication.java:752)
	at org.springframework.boot.SpringApplication.refreshContext(SpringApplication.java:439)
	at org.springframework.boot.SpringApplication.run(SpringApplication.java:318)
	at org.springframework.boot.SpringApplication.run(SpringApplication.java:1361)
	at org.springframework.boot.SpringApplication.run(SpringApplication.java:1350)
	at com.web.project.ProjectApplication.main(ProjectApplication.java:10)
	at java.base/jdk.internal.reflect.DirectMethodHandleAccessor.invoke(DirectMethodHandleAccessor.java:103)
	at java.base/java.lang.reflect.Method.invoke(Method.java:580)
	at org.springframework.boot.devtools.restart.RestartLauncher.run(RestartLauncher.java:50)
Caused by: org.springframework.beans.factory.UnsatisfiedDependencyException: Error creating bean with name 'personService' defined in file [C:\Users\Emrah\Desktop\Java kids\javakids4\spring\project-web\target\classes\com\web\project\service\PersonService.class]: Unsatisfied dependency expressed through constructor parameter 0: Error creating bean with name 'personRepository' defined in com.web.project.repository.PersonRepository defined in @EnableJpaRepositories declared on JpaRepositoriesRegistrar.EnableJpaRepositoriesConfiguration: Could not create query for public abstract java.util.List com.web.project.repository.PersonRepository.findByEmail(java.lang.String); Reason: At 1:7 and token '*', extraneous input '*' expecting {'(', '[', ':', '{', '?', ID, VERSION, VERSIONED, NATURALID, FK, ALL, AND, ANY, AS, ASC, AVG, BETWEEN, BOTH, BREADTH, BY, CASE, CAST, COLLATE, COLUMN, CONFLICT, CONSTRAINT, CONTAINS, COUNT, CROSS, CUBE, CURRENT, CURRENT_DATE, CURRENT_INSTANT, CURRENT_TIME, CURRENT_TIMESTAMP, CYCLE, DATE, DATETIME, DAY, DEFAULT, DELETE, DEPTH, DESC, DISTINCT, DO, ELEMENT, ELEMENTS, ELSE, EMPTY, END, ENTRY, EPOCH, ERROR, ESCAPE, EVERY, EXCEPT, EXCLUDE, EXISTS, EXTRACT, FETCH, FILTER, FIRST, FOLLOWING, FOR, FORMAT, FROM, FULL, FUNCTION, GROUP, GROUPS, HAVING, HOUR, IGNORE, ILIKE, IN, INCLUDES, INDEX, INDICES, INNER, INSERT, INSTANT, INTERSECT, INTERSECTS, INTO, IS, JOIN, KEY, KEYS, LAST, LATERAL, LEADING, LEFT, LIKE, LIMIT, LIST, LISTAGG, LOCAL, LOCAL_DATE, LOCAL_DATETIME, LOCAL_TIME, MAP, MATERIALIZED, MAX, MAXELEMENT, MAXINDEX, MEMBER, MICROSECOND, MILLISECOND, MIN, MINELEMENT, MININDEX, MINUTE, MONTH, NANOSECOND, NEW, NEXT, NO, NOT, NOTHING, NULLS, OBJECT, OF, OFFSET, OFFSET_DATETIME, ON, ONLY, OR, ORDER, OTHERS, OUTER, OVER, OVERFLOW, OVERLAY, PAD, PARTITION, PERCENT, PLACING, POSITION, PRECEDING, QUARTER, RANGE, RESPECT, RIGHT, ROLLUP, ROW, ROWS, SEARCH, SECOND, SELECT, SET, SIZE, SOME, SUBSTRING, SUM, THEN, TIES, TIME, TIMESTAMP, TIMEZONE_HOUR, TIMEZONE_MINUTE, TO, TRAILING, TREAT, TRIM, TRUNC, TRUNCATE, TYPE, UNBOUNDED, UNION, UPDATE, USING, VALUE, VALUES, WEEK, WHEN, WHERE, WITH, WITHIN, WITHOUT, YEAR, ZONED, NULL, TRUE, FALSE, STRING_LITERAL, JAVA_STRING_LITERAL, INTEGER_LITERAL, LONG_LITERAL, FLOAT_LITERAL, DOUBLE_LITERAL, BIG_INTEGER_LITERAL, BIG_DECIMAL_LITERAL, HEX_LITERAL, BINARY_LITERAL, '{ts', '{d', '{t', '+', '-', IDENTIFIER, QUOTED_IDENTIFIER}; Bad HQL grammar [select * from PersonEntity p where p.email = ?1]
	at org.springframework.beans.factory.support.ConstructorResolver.createArgumentArray(ConstructorResolver.java:804)
	at org.springframework.beans.factory.support.ConstructorResolver.autowireConstructor(ConstructorResolver.java:240)
	at org.springframework.beans.factory.support.AbstractAutowireCapableBeanFactory.autowireConstructor(AbstractAutowireCapableBeanFactory.java:1395)
	at org.springframework.beans.factory.support.AbstractAutowireCapableBeanFactory.createBeanInstance(AbstractAutowireCapableBeanFactory.java:1232)
	at org.springframework.beans.factory.support.AbstractAutowireCapableBeanFactory.doCreateBean(AbstractAutowireCapableBeanFactory.java:569)
	at org.springframework.beans.factory.support.AbstractAutowireCapableBeanFactory.createBean(AbstractAutowireCapableBeanFactory.java:529)
	at org.springframework.beans.factory.support.AbstractBeanFactory.lambda$doGetBean$0(AbstractBeanFactory.java:339)
	at org.springframework.beans.factory.support.DefaultSingletonBeanRegistry.getSingleton(DefaultSingletonBeanRegistry.java:373)
	at org.springframework.beans.factory.support.AbstractBeanFactory.doGetBean(AbstractBeanFactory.java:337)
	at org.springframework.beans.factory.support.AbstractBeanFactory.getBean(AbstractBeanFactory.java:202)
	at org.springframework.beans.factory.support.DefaultListableBeanFactory.doResolveDependency(DefaultListableBeanFactory.java:1683)
	at org.springframework.beans.factory.support.DefaultListableBeanFactory.resolveDependency(DefaultListableBeanFactory.java:1628)
	at org.springframework.beans.factory.support.ConstructorResolver.resolveAutowiredArgument(ConstructorResolver.java:913)
	at org.springframework.beans.factory.support.ConstructorResolver.createArgumentArray(ConstructorResolver.java:791)
	... 24 common frames omitted
Caused by: org.springframework.beans.factory.BeanCreationException: Error creating bean with name 'personRepository' defined in com.web.project.repository.PersonRepository defined in @EnableJpaRepositories declared on JpaRepositoriesRegistrar.EnableJpaRepositoriesConfiguration: Could not create query for public abstract java.util.List com.web.project.repository.PersonRepository.findByEmail(java.lang.String); Reason: At 1:7 and token '*', extraneous input '*' expecting {'(', '[', ':', '{', '?', ID, VERSION, VERSIONED, NATURALID, FK, ALL, AND, ANY, AS, ASC, AVG, BETWEEN, BOTH, BREADTH, BY, CASE, CAST, COLLATE, COLUMN, CONFLICT, CONSTRAINT, CONTAINS, COUNT, CROSS, CUBE, CURRENT, CURRENT_DATE, CURRENT_INSTANT, CURRENT_TIME, CURRENT_TIMESTAMP, CYCLE, DATE, DATETIME, DAY, DEFAULT, DELETE, DEPTH, DESC, DISTINCT, DO, ELEMENT, ELEMENTS, ELSE, EMPTY, END, ENTRY, EPOCH, ERROR, ESCAPE, EVERY, EXCEPT, EXCLUDE, EXISTS, EXTRACT, FETCH, FILTER, FIRST, FOLLOWING, FOR, FORMAT, FROM, FULL, FUNCTION, GROUP, GROUPS, HAVING, HOUR, IGNORE, ILIKE, IN, INCLUDES, INDEX, INDICES, INNER, INSERT, INSTANT, INTERSECT, INTERSECTS, INTO, IS, JOIN, KEY, KEYS, LAST, LATERAL, LEADING, LEFT, LIKE, LIMIT, LIST, LISTAGG, LOCAL, LOCAL_DATE, LOCAL_DATETIME, LOCAL_TIME, MAP, MATERIALIZED, MAX, MAXELEMENT, MAXINDEX, MEMBER, MICROSECOND, MILLISECOND, MIN, MINELEMENT, MININDEX, MINUTE, MONTH, NANOSECOND, NEW, NEXT, NO, NOT, NOTHING, NULLS, OBJECT, OF, OFFSET, OFFSET_DATETIME, ON, ONLY, OR, ORDER, OTHERS, OUTER, OVER, OVERFLOW, OVERLAY, PAD, PARTITION, PERCENT, PLACING, POSITION, PRECEDING, QUARTER, RANGE, RESPECT, RIGHT, ROLLUP, ROW, ROWS, SEARCH, SECOND, SELECT, SET, SIZE, SOME, SUBSTRING, SUM, THEN, TIES, TIME, TIMESTAMP, TIMEZONE_HOUR, TIMEZONE_MINUTE, TO, TRAILING, TREAT, TRIM, TRUNC, TRUNCATE, TYPE, UNBOUNDED, UNION, UPDATE, USING, VALUE, VALUES, WEEK, WHEN, WHERE, WITH, WITHIN, WITHOUT, YEAR, ZONED, NULL, TRUE, FALSE, STRING_LITERAL, JAVA_STRING_LITERAL, INTEGER_LITERAL, LONG_LITERAL, FLOAT_LITERAL, DOUBLE_LITERAL, BIG_INTEGER_LITERAL, BIG_DECIMAL_LITERAL, HEX_LITERAL, BINARY_LITERAL, '{ts', '{d', '{t', '+', '-', IDENTIFIER, QUOTED_IDENTIFIER}; Bad HQL grammar [select * from PersonEntity p where p.email = ?1]
	at org.springframework.beans.factory.support.AbstractAutowireCapableBeanFactory.initializeBean(AbstractAutowireCapableBeanFactory.java:1826)
	at org.springframework.beans.factory.support.AbstractAutowireCapableBeanFactory.doCreateBean(AbstractAutowireCapableBeanFactory.java:607)
	at org.springframework.beans.factory.support.AbstractAutowireCapableBeanFactory.createBean(AbstractAutowireCapableBeanFactory.java:529)
	at org.springframework.beans.factory.support.AbstractBeanFactory.lambda$doGetBean$0(AbstractBeanFactory.java:339)
	at org.springframework.beans.factory.support.DefaultSingletonBeanRegistry.getSingleton(DefaultSingletonBeanRegistry.java:373)
	at org.springframework.beans.factory.support.AbstractBeanFactory.doGetBean(AbstractBeanFactory.java:337)
	at org.springframework.beans.factory.support.AbstractBeanFactory.getBean(AbstractBeanFactory.java:202)
	at org.springframework.beans.factory.support.DefaultListableBeanFactory.doResolveDependency(DefaultListableBeanFactory.java:1683)
	at org.springframework.beans.factory.support.DefaultListableBeanFactory.resolveDependency(DefaultListableBeanFactory.java:1628)
	at org.springframework.beans.factory.support.ConstructorResolver.resolveAutowiredArgument(ConstructorResolver.java:913)
	at org.springframework.beans.factory.support.ConstructorResolver.createArgumentArray(ConstructorResolver.java:791)
	... 37 common frames omitted
Caused by: org.springframework.data.repository.query.QueryCreationException: Could not create query for public abstract java.util.List com.web.project.repository.PersonRepository.findByEmail(java.lang.String); Reason: At 1:7 and token '*', extraneous input '*' expecting {'(', '[', ':', '{', '?', ID, VERSION, VERSIONED, NATURALID, FK, ALL, AND, ANY, AS, ASC, AVG, BETWEEN, BOTH, BREADTH, BY, CASE, CAST, COLLATE, COLUMN, CONFLICT, CONSTRAINT, CONTAINS, COUNT, CROSS, CUBE, CURRENT, CURRENT_DATE, CURRENT_INSTANT, CURRENT_TIME, CURRENT_TIMESTAMP, CYCLE, DATE, DATETIME, DAY, DEFAULT, DELETE, DEPTH, DESC, DISTINCT, DO, ELEMENT, ELEMENTS, ELSE, EMPTY, END, ENTRY, EPOCH, ERROR, ESCAPE, EVERY, EXCEPT, EXCLUDE, EXISTS, EXTRACT, FETCH, FILTER, FIRST, FOLLOWING, FOR, FORMAT, FROM, FULL, FUNCTION, GROUP, GROUPS, HAVING, HOUR, IGNORE, ILIKE, IN, INCLUDES, INDEX, INDICES, INNER, INSERT, INSTANT, INTERSECT, INTERSECTS, INTO, IS, JOIN, KEY, KEYS, LAST, LATERAL, LEADING, LEFT, LIKE, LIMIT, LIST, LISTAGG, LOCAL, LOCAL_DATE, LOCAL_DATETIME, LOCAL_TIME, MAP, MATERIALIZED, MAX, MAXELEMENT, MAXINDEX, MEMBER, MICROSECOND, MILLISECOND, MIN, MINELEMENT, MININDEX, MINUTE, MONTH, NANOSECOND, NEW, NEXT, NO, NOT, NOTHING, NULLS, OBJECT, OF, OFFSET, OFFSET_DATETIME, ON, ONLY, OR, ORDER, OTHERS, OUTER, OVER, OVERFLOW, OVERLAY, PAD, PARTITION, PERCENT, PLACING, POSITION, PRECEDING, QUARTER, RANGE, RESPECT, RIGHT, ROLLUP, ROW, ROWS, SEARCH, SECOND, SELECT, SET, SIZE, SOME, SUBSTRING, SUM, THEN, TIES, TIME, TIMESTAMP, TIMEZONE_HOUR, TIMEZONE_MINUTE, TO, TRAILING, TREAT, TRIM, TRUNC, TRUNCATE, TYPE, UNBOUNDED, UNION, UPDATE, USING, VALUE, VALUES, WEEK, WHEN, WHERE, WITH, WITHIN, WITHOUT, YEAR, ZONED, NULL, TRUE, FALSE, STRING_LITERAL, JAVA_STRING_LITERAL, INTEGER_LITERAL, LONG_LITERAL, FLOAT_LITERAL, DOUBLE_LITERAL, BIG_INTEGER_LITERAL, BIG_DECIMAL_LITERAL, HEX_LITERAL, BINARY_LITERAL, '{ts', '{d', '{t', '+', '-', IDENTIFIER, QUOTED_IDENTIFIER}; Bad HQL grammar [select * from PersonEntity p where p.email = ?1]
	at org.springframework.data.repository.query.QueryCreationException.create(QueryCreationException.java:101)
	at org.springframework.data.repository.core.support.QueryExecutorMethodInterceptor.lookupQuery(QueryExecutorMethodInterceptor.java:120)
	at org.springframework.data.repository.core.support.QueryExecutorMethodInterceptor.mapMethodsToQuery(QueryExecutorMethodInterceptor.java:104)
	at org.springframework.data.repository.core.support.QueryExecutorMethodInterceptor.lambda$new$0(QueryExecutorMethodInterceptor.java:92)
	at java.base/java.util.Optional.map(Optional.java:260)
	at org.springframework.data.repository.core.support.QueryExecutorMethodInterceptor.<init>(QueryExecutorMethodInterceptor.java:92)
	at org.springframework.data.repository.core.support.RepositoryFactorySupport.getRepository(RepositoryFactorySupport.java:434)
	at org.springframework.data.repository.core.support.RepositoryFactoryBeanSupport.lambda$afterPropertiesSet$4(RepositoryFactoryBeanSupport.java:350)
	at org.springframework.data.util.Lazy.getNullable(Lazy.java:135)
	at org.springframework.data.util.Lazy.get(Lazy.java:113)
	at org.springframework.data.repository.core.support.RepositoryFactoryBeanSupport.afterPropertiesSet(RepositoryFactoryBeanSupport.java:356)
	at org.springframework.data.jpa.repository.support.JpaRepositoryFactoryBean.afterPropertiesSet(JpaRepositoryFactoryBean.java:132)
	at org.springframework.beans.factory.support.AbstractAutowireCapableBeanFactory.invokeInitMethods(AbstractAutowireCapableBeanFactory.java:1873)
	at org.springframework.beans.factory.support.AbstractAutowireCapableBeanFactory.initializeBean(AbstractAutowireCapableBeanFactory.java:1822)
	... 47 common frames omitted
Caused by: org.springframework.data.jpa.repository.query.BadJpqlGrammarException: At 1:7 and token '*', extraneous input '*' expecting {'(', '[', ':', '{', '?', ID, VERSION, VERSIONED, NATURALID, FK, ALL, AND, ANY, AS, ASC, AVG, BETWEEN, BOTH, BREADTH, BY, CASE, CAST, COLLATE, COLUMN, CONFLICT, CONSTRAINT, CONTAINS, COUNT, CROSS, CUBE, CURRENT, CURRENT_DATE, CURRENT_INSTANT, CURRENT_TIME, CURRENT_TIMESTAMP, CYCLE, DATE, DATETIME, DAY, DEFAULT, DELETE, DEPTH, DESC, DISTINCT, DO, ELEMENT, ELEMENTS, ELSE, EMPTY, END, ENTRY, EPOCH, ERROR, ESCAPE, EVERY, EXCEPT, EXCLUDE, EXISTS, EXTRACT, FETCH, FILTER, FIRST, FOLLOWING, FOR, FORMAT, FROM, FULL, FUNCTION, GROUP, GROUPS, HAVING, HOUR, IGNORE, ILIKE, IN, INCLUDES, INDEX, INDICES, INNER, INSERT, INSTANT, INTERSECT, INTERSECTS, INTO, IS, JOIN, KEY, KEYS, LAST, LATERAL, LEADING, LEFT, LIKE, LIMIT, LIST, LISTAGG, LOCAL, LOCAL_DATE, LOCAL_DATETIME, LOCAL_TIME, MAP, MATERIALIZED, MAX, MAXELEMENT, MAXINDEX, MEMBER, MICROSECOND, MILLISECOND, MIN, MINELEMENT, MININDEX, MINUTE, MONTH, NANOSECOND, NEW, NEXT, NO, NOT, NOTHING, NULLS, OBJECT, OF, OFFSET, OFFSET_DATETIME, ON, ONLY, OR, ORDER, OTHERS, OUTER, OVER, OVERFLOW, OVERLAY, PAD, PARTITION, PERCENT, PLACING, POSITION, PRECEDING, QUARTER, RANGE, RESPECT, RIGHT, ROLLUP, ROW, ROWS, SEARCH, SECOND, SELECT, SET, SIZE, SOME, SUBSTRING, SUM, THEN, TIES, TIME, TIMESTAMP, TIMEZONE_HOUR, TIMEZONE_MINUTE, TO, TRAILING, TREAT, TRIM, TRUNC, TRUNCATE, TYPE, UNBOUNDED, UNION, UPDATE, USING, VALUE, VALUES, WEEK, WHEN, WHERE, WITH, WITHIN, WITHOUT, YEAR, ZONED, NULL, TRUE, FALSE, STRING_LITERAL, JAVA_STRING_LITERAL, INTEGER_LITERAL, LONG_LITERAL, FLOAT_LITERAL, DOUBLE_LITERAL, BIG_INTEGER_LITERAL, BIG_DECIMAL_LITERAL, HEX_LITERAL, BINARY_LITERAL, '{ts', '{d', '{t', '+', '-', IDENTIFIER, QUOTED_IDENTIFIER}; Bad HQL grammar [select * from PersonEntity p where p.email = ?1]
	at org.springframework.data.jpa.repository.query.BadJpqlGrammarErrorListener.syntaxError(BadJpqlGrammarErrorListener.java:53)
	at org.antlr.v4.runtime.ProxyErrorListener.syntaxError(ProxyErrorListener.java:41)
	at org.antlr.v4.runtime.Parser.notifyErrorListeners(Parser.java:544)
	at org.antlr.v4.runtime.DefaultErrorStrategy.reportUnwantedToken(DefaultErrorStrategy.java:377)
	at org.antlr.v4.runtime.DefaultErrorStrategy.singleTokenDeletion(DefaultErrorStrategy.java:548)
	at org.antlr.v4.runtime.DefaultErrorStrategy.sync(DefaultErrorStrategy.java:266)
	at org.springframework.data.jpa.repository.query.HqlParser.selectClause(HqlParser.java:3563)
	at org.springframework.data.jpa.repository.query.HqlParser.query(HqlParser.java:1330)
	at org.springframework.data.jpa.repository.query.HqlParser.orderedQuery(HqlParser.java:1171)
	at org.springframework.data.jpa.repository.query.HqlParser.queryExpression(HqlParser.java:540)
	at org.springframework.data.jpa.repository.query.HqlParser.selectStatement(HqlParser.java:472)
	at org.springframework.data.jpa.repository.query.HqlParser.ql_statement(HqlParser.java:402)
	at org.springframework.data.jpa.repository.query.HqlParser.start(HqlParser.java:339)
	at org.springframework.data.jpa.repository.query.JpaQueryEnhancer.parse(JpaQueryEnhancer.java:104)
	at org.springframework.data.jpa.repository.query.JpaQueryEnhancer$HqlQueryParser.<init>(JpaQueryEnhancer.java:319)
	at org.springframework.data.jpa.repository.query.JpaQueryEnhancer$HqlQueryParser.parseQuery(JpaQueryEnhancer.java:331)
	at org.springframework.data.jpa.repository.query.JpaQueryEnhancer.forHql(JpaQueryEnhancer.java:167)
	at org.springframework.data.jpa.repository.query.QueryEnhancerFactory.forQuery(QueryEnhancerFactory.java:68)
	at org.springframework.data.jpa.repository.query.StringQuery.<init>(StringQuery.java:100)
	at org.springframework.data.jpa.repository.query.StringQuery.<init>(StringQuery.java:79)
	at org.springframework.data.jpa.repository.query.ExpressionBasedStringQuery.<init>(ExpressionBasedStringQuery.java:65)
	at org.springframework.data.jpa.repository.query.AbstractStringBasedJpaQuery.<init>(AbstractStringBasedJpaQuery.java:87)
	at org.springframework.data.jpa.repository.query.SimpleJpaQuery.<init>(SimpleJpaQuery.java:65)
	at org.springframework.data.jpa.repository.query.JpaQueryFactory.fromMethodWithQueryString(JpaQueryFactory.java:49)
	at org.springframework.data.jpa.repository.query.JpaQueryLookupStrategy$DeclaredQueryLookupStrategy.resolveQuery(JpaQueryLookupStrategy.java:174)
	at org.springframework.data.jpa.repository.query.JpaQueryLookupStrategy$CreateIfNotFoundQueryLookupStrategy.resolveQuery(JpaQueryLookupStrategy.java:254)
	at org.springframework.data.jpa.repository.query.JpaQueryLookupStrategy$AbstractQueryLookupStrategy.resolveQuery(JpaQueryLookupStrategy.java:99)
	at org.springframework.data.repository.core.support.QueryExecutorMethodInterceptor.lookupQuery(QueryExecutorMethodInterceptor.java:116)
	... 59 common frames omitted
2026-07-30 21:33:45 INFO  com.web.project.ProjectApplication - Starting ProjectApplication using Java 23.0.1 with PID 11348 (C:\Users\Emrah\Desktop\Java kids\javakids4\spring\project-web\target\classes started by Emrah in C:\Users\Emrah\Desktop\Java kids\javakids4\spring\project-web)
2026-07-30 21:33:45 INFO  com.web.project.ProjectApplication - No active profile set, falling back to 1 default profile: "default"
2026-07-30 21:33:45 INFO  o.s.b.d.e.DevToolsPropertyDefaultsPostProcessor - Devtools property defaults active! Set 'spring.devtools.add-properties' to 'false' to disable
2026-07-30 21:33:45 INFO  o.s.b.d.e.DevToolsPropertyDefaultsPostProcessor - For additional web related logging consider setting the 'logging.level.web' property to 'DEBUG'
2026-07-30 21:33:50 INFO  o.s.d.r.c.RepositoryConfigurationDelegate - Bootstrapping Spring Data JPA repositories in DEFAULT mode.
2026-07-30 21:33:51 INFO  o.s.d.r.c.RepositoryConfigurationDelegate - Finished Spring Data repository scanning in 528 ms. Found 2 JPA repository interfaces.
2026-07-30 21:33:56 INFO  o.s.b.w.e.tomcat.TomcatWebServer - Tomcat initialized with port 8080 (http)
2026-07-30 21:33:56 INFO  o.a.coyote.http11.Http11NioProtocol - Initializing ProtocolHandler ["http-nio-8080"]
2026-07-30 21:33:56 INFO  o.a.catalina.core.StandardService - Starting service [Tomcat]
2026-07-30 21:33:56 INFO  o.a.catalina.core.StandardEngine - Starting Servlet engine: [Apache Tomcat/10.1.43]
2026-07-30 21:33:57 INFO  o.a.c.c.C.[Tomcat].[localhost].[/] - Initializing Spring embedded WebApplicationContext
2026-07-30 21:33:57 INFO  o.s.b.w.s.c.ServletWebServerApplicationContext - Root WebApplicationContext: initialization completed in 11420 ms
2026-07-30 21:33:58 INFO  o.h.jpa.internal.util.LogHelper - HHH000204: Processing PersistenceUnitInfo [name: default]
2026-07-30 21:33:59 INFO  org.hibernate.Version - HHH000412: Hibernate ORM core version 6.6.22.Final
2026-07-30 21:33:59 INFO  o.h.c.i.RegionFactoryInitiator - HHH000026: Second-level cache disabled
2026-07-30 21:34:01 INFO  o.s.o.j.p.SpringPersistenceUnitInfo - No LoadTimeWeaver setup: ignoring JPA class transformer
2026-07-30 21:34:01 INFO  com.zaxxer.hikari.HikariDataSource - HikariPool-1 - Starting...
2026-07-30 21:34:02 INFO  com.zaxxer.hikari.pool.HikariPool - HikariPool-1 - Added connection conn0: url=jdbc:h2:mem:DB user=ROOT
2026-07-30 21:34:02 INFO  com.zaxxer.hikari.HikariDataSource - HikariPool-1 - Start completed.
2026-07-30 21:34:02 INFO  o.hibernate.orm.connections.pooling - HHH10001005: Database info:
	Database JDBC URL [Connecting through datasource 'HikariDataSource (HikariPool-1)']
	Database driver: undefined/unknown
	Database version: 2.3.232
	Autocommit mode: undefined/unknown
	Isolation level: undefined/unknown
	Minimum pool size: undefined/unknown
	Maximum pool size: undefined/unknown
2026-07-30 21:34:06 INFO  o.h.e.t.j.p.i.JtaPlatformInitiator - HHH000489: No JTA platform available (set 'hibernate.transaction.jta.platform' to enable JTA platform integration)
2026-07-30 21:34:06 INFO  o.s.o.j.LocalContainerEntityManagerFactoryBean - Initialized JPA EntityManagerFactory for persistence unit 'default'
2026-07-30 21:34:09 INFO  o.s.d.j.r.query.QueryEnhancerFactory - Hibernate is in classpath; If applicable, HQL parser will be used.
2026-07-30 21:34:14 WARN  o.s.b.a.o.j.JpaBaseConfiguration$JpaWebConfiguration - spring.jpa.open-in-view is enabled by default. Therefore, database queries may be performed during view rendering. Explicitly configure spring.jpa.open-in-view to disable this warning
2026-07-30 21:34:17 INFO  o.s.b.a.h.H2ConsoleAutoConfiguration - H2 console available at '/h2-console'. Database available at 'jdbc:h2:mem:DB'
2026-07-30 21:34:17 INFO  o.s.b.d.a.OptionalLiveReloadServer - LiveReload server is running on port 35729
2026-07-30 21:34:17 INFO  o.a.coyote.http11.Http11NioProtocol - Starting ProtocolHandler ["http-nio-8080"]
2026-07-30 21:34:18 INFO  o.s.b.w.e.tomcat.TomcatWebServer - Tomcat started on port 8080 (http) with context path '/'
2026-07-30 21:34:18 INFO  com.web.project.ProjectApplication - Started ProjectApplication in 35.294 seconds (process running for 37.799)
2026-07-30 21:34:19 INFO  o.a.c.c.C.[Tomcat].[localhost].[/] - Initializing Spring DispatcherServlet 'dispatcherServlet'
2026-07-30 21:34:19 INFO  o.s.web.servlet.DispatcherServlet - Initializing Servlet 'dispatcherServlet'
2026-07-30 21:34:19 INFO  o.s.web.servlet.DispatcherServlet - Completed initialization in 7 ms
2026-07-30 21:35:03 INFO  o.s.b.d.a.LocalDevToolsAutoConfiguration$RestartingClassPathChangeChangedEventListener - Restarting due to 1 class path change (0 additions, 1 deletion, 0 modifications)
2026-07-30 21:35:03 INFO  o.s.b.w.e.tomcat.GracefulShutdown - Commencing graceful shutdown. Waiting for active requests to complete
2026-07-30 21:35:03 INFO  o.a.coyote.http11.Http11NioProtocol - Pausing ProtocolHandler ["http-nio-8080"]
2026-07-30 21:35:03 INFO  o.s.b.w.e.tomcat.GracefulShutdown - Graceful shutdown complete
2026-07-30 21:35:03 INFO  o.a.coyote.http11.Http11NioProtocol - Stopping ProtocolHandler ["http-nio-8080"]
2026-07-30 21:35:03 INFO  o.s.o.j.LocalContainerEntityManagerFactoryBean - Closing JPA EntityManagerFactory for persistence unit 'default'
2026-07-30 21:35:04 WARN  o.s.b.f.s.DisposableBeanAdapter - Invocation of destroy method failed on bean with name 'inMemoryDatabaseShutdownExecutor': org.h2.jdbc.JdbcSQLNonTransientConnectionException: Database is already closed (to disable automatic closing at VM shutdown, add ";DB_CLOSE_ON_EXIT=FALSE" to the db URL) [90121-232]
2026-07-30 21:35:04 INFO  com.zaxxer.hikari.HikariDataSource - HikariPool-1 - Shutdown initiated...
2026-07-30 21:35:04 INFO  com.zaxxer.hikari.HikariDataSource - HikariPool-1 - Shutdown completed.
2026-07-30 21:35:05 INFO  com.web.project.ProjectApplication - Starting ProjectApplication using Java 23.0.1 with PID 11348 (C:\Users\Emrah\Desktop\Java kids\javakids4\spring\project-web\target\classes started by Emrah in C:\Users\Emrah\Desktop\Java kids\javakids4\spring\project-web)
2026-07-30 21:35:05 INFO  com.web.project.ProjectApplication - No active profile set, falling back to 1 default profile: "default"
2026-07-30 21:35:09 INFO  o.s.d.r.c.RepositoryConfigurationDelegate - Bootstrapping Spring Data JPA repositories in DEFAULT mode.
2026-07-30 21:35:09 INFO  o.s.d.r.c.RepositoryConfigurationDelegate - Finished Spring Data repository scanning in 324 ms. Found 2 JPA repository interfaces.
2026-07-30 21:35:11 INFO  o.s.b.w.e.tomcat.TomcatWebServer - Tomcat initialized with port 8080 (http)
2026-07-30 21:35:11 INFO  o.a.coyote.http11.Http11NioProtocol - Initializing ProtocolHandler ["http-nio-8080"]
2026-07-30 21:35:11 INFO  o.a.catalina.core.StandardService - Starting service [Tomcat]
2026-07-30 21:35:11 INFO  o.a.catalina.core.StandardEngine - Starting Servlet engine: [Apache Tomcat/10.1.43]
2026-07-30 21:35:11 INFO  o.a.c.c.C.[Tomcat].[localhost].[/] - Initializing Spring embedded WebApplicationContext
2026-07-30 21:35:11 INFO  o.s.b.w.s.c.ServletWebServerApplicationContext - Root WebApplicationContext: initialization completed in 5546 ms
2026-07-30 21:35:11 INFO  o.h.jpa.internal.util.LogHelper - HHH000204: Processing PersistenceUnitInfo [name: default]
2026-07-30 21:35:11 INFO  o.h.c.i.RegionFactoryInitiator - HHH000026: Second-level cache disabled
2026-07-30 21:35:11 INFO  o.s.o.j.p.SpringPersistenceUnitInfo - No LoadTimeWeaver setup: ignoring JPA class transformer
2026-07-30 21:35:11 INFO  com.zaxxer.hikari.HikariDataSource - HikariPool-2 - Starting...
2026-07-30 21:35:11 INFO  com.zaxxer.hikari.pool.HikariPool - HikariPool-2 - Added connection conn11: url=jdbc:h2:mem:DB user=ROOT
2026-07-30 21:35:11 INFO  com.zaxxer.hikari.HikariDataSource - HikariPool-2 - Start completed.
2026-07-30 21:35:11 INFO  o.hibernate.orm.connections.pooling - HHH10001005: Database info:
	Database JDBC URL [Connecting through datasource 'HikariDataSource (HikariPool-2)']
	Database driver: undefined/unknown
	Database version: 2.3.232
	Autocommit mode: undefined/unknown
	Isolation level: undefined/unknown
	Minimum pool size: undefined/unknown
	Maximum pool size: undefined/unknown
2026-07-30 21:35:11 INFO  o.h.e.t.j.p.i.JtaPlatformInitiator - HHH000489: No JTA platform available (set 'hibernate.transaction.jta.platform' to enable JTA platform integration)
2026-07-30 21:35:11 INFO  o.s.o.j.LocalContainerEntityManagerFactoryBean - Initialized JPA EntityManagerFactory for persistence unit 'default'
2026-07-30 21:35:12 WARN  o.s.b.a.o.j.JpaBaseConfiguration$JpaWebConfiguration - spring.jpa.open-in-view is enabled by default. Therefore, database queries may be performed during view rendering. Explicitly configure spring.jpa.open-in-view to disable this warning
2026-07-30 21:35:13 INFO  o.s.b.a.h.H2ConsoleAutoConfiguration - H2 console available at '/h2-console'. Database available at 'jdbc:h2:mem:DB'
2026-07-30 21:35:13 INFO  o.s.b.d.a.OptionalLiveReloadServer - LiveReload server is running on port 35729
2026-07-30 21:35:13 INFO  o.a.coyote.http11.Http11NioProtocol - Starting ProtocolHandler ["http-nio-8080"]
2026-07-30 21:35:13 INFO  o.s.b.w.e.tomcat.TomcatWebServer - Tomcat started on port 8080 (http) with context path '/'
2026-07-30 21:35:13 INFO  com.web.project.ProjectApplication - Started ProjectApplication in 8.639 seconds (process running for 92.872)
2026-07-30 21:35:13 INFO  o.s.b.d.a.ConditionEvaluationDeltaLoggingListener - Condition evaluation unchanged
2026-07-30 21:35:24 INFO  o.s.b.d.a.LocalDevToolsAutoConfiguration$RestartingClassPathChangeChangedEventListener - Restarting due to 1 class path change (1 addition, 0 deletions, 0 modifications)
2026-07-30 21:35:24 INFO  o.s.b.w.e.tomcat.GracefulShutdown - Commencing graceful shutdown. Waiting for active requests to complete
2026-07-30 21:35:24 INFO  o.a.coyote.http11.Http11NioProtocol - Pausing ProtocolHandler ["http-nio-8080"]
2026-07-30 21:35:24 INFO  o.s.b.w.e.tomcat.GracefulShutdown - Graceful shutdown complete
2026-07-30 21:35:24 INFO  o.a.coyote.http11.Http11NioProtocol - Stopping ProtocolHandler ["http-nio-8080"]
2026-07-30 21:35:24 INFO  o.s.o.j.LocalContainerEntityManagerFactoryBean - Closing JPA EntityManagerFactory for persistence unit 'default'
2026-07-30 21:35:24 WARN  o.s.b.f.s.DisposableBeanAdapter - Invocation of destroy method failed on bean with name 'inMemoryDatabaseShutdownExecutor': org.h2.jdbc.JdbcSQLNonTransientConnectionException: Database is already closed (to disable automatic closing at VM shutdown, add ";DB_CLOSE_ON_EXIT=FALSE" to the db URL) [90121-232]
2026-07-30 21:35:24 INFO  com.zaxxer.hikari.HikariDataSource - HikariPool-2 - Shutdown initiated...
2026-07-30 21:35:24 INFO  com.zaxxer.hikari.HikariDataSource - HikariPool-2 - Shutdown completed.
2026-07-30 21:35:24 INFO  com.web.project.ProjectApplication - Starting ProjectApplication using Java 23.0.1 with PID 11348 (C:\Users\Emrah\Desktop\Java kids\javakids4\spring\project-web\target\classes started by Emrah in C:\Users\Emrah\Desktop\Java kids\javakids4\spring\project-web)
2026-07-30 21:35:24 INFO  com.web.project.ProjectApplication - No active profile set, falling back to 1 default profile: "default"
2026-07-30 21:35:27 INFO  o.s.d.r.c.RepositoryConfigurationDelegate - Bootstrapping Spring Data JPA repositories in DEFAULT mode.
2026-07-30 21:35:27 INFO  o.s.d.r.c.RepositoryConfigurationDelegate - Finished Spring Data repository scanning in 78 ms. Found 2 JPA repository interfaces.
2026-07-30 21:35:27 INFO  o.s.b.w.e.tomcat.TomcatWebServer - Tomcat initialized with port 8080 (http)
2026-07-30 21:35:27 INFO  o.a.coyote.http11.Http11NioProtocol - Initializing ProtocolHandler ["http-nio-8080"]
2026-07-30 21:35:27 INFO  o.a.catalina.core.StandardService - Starting service [Tomcat]
2026-07-30 21:35:27 INFO  o.a.catalina.core.StandardEngine - Starting Servlet engine: [Apache Tomcat/10.1.43]
2026-07-30 21:35:27 INFO  o.a.c.c.C.[Tomcat].[localhost].[/] - Initializing Spring embedded WebApplicationContext
2026-07-30 21:35:27 INFO  o.s.b.w.s.c.ServletWebServerApplicationContext - Root WebApplicationContext: initialization completed in 3371 ms
2026-07-30 21:35:28 INFO  o.h.jpa.internal.util.LogHelper - HHH000204: Processing PersistenceUnitInfo [name: default]
2026-07-30 21:35:28 INFO  o.h.c.i.RegionFactoryInitiator - HHH000026: Second-level cache disabled
2026-07-30 21:35:28 INFO  o.s.o.j.p.SpringPersistenceUnitInfo - No LoadTimeWeaver setup: ignoring JPA class transformer
2026-07-30 21:35:28 INFO  com.zaxxer.hikari.HikariDataSource - HikariPool-3 - Starting...
2026-07-30 21:35:28 INFO  com.zaxxer.hikari.pool.HikariPool - HikariPool-3 - Added connection conn21: url=jdbc:h2:mem:DB user=ROOT
2026-07-30 21:35:28 INFO  com.zaxxer.hikari.HikariDataSource - HikariPool-3 - Start completed.
2026-07-30 21:35:28 INFO  o.hibernate.orm.connections.pooling - HHH10001005: Database info:
	Database JDBC URL [Connecting through datasource 'HikariDataSource (HikariPool-3)']
	Database driver: undefined/unknown
	Database version: 2.3.232
	Autocommit mode: undefined/unknown
	Isolation level: undefined/unknown
	Minimum pool size: undefined/unknown
	Maximum pool size: undefined/unknown
2026-07-30 21:35:28 INFO  o.h.e.t.j.p.i.JtaPlatformInitiator - HHH000489: No JTA platform available (set 'hibernate.transaction.jta.platform' to enable JTA platform integration)
2026-07-30 21:35:29 INFO  o.s.o.j.LocalContainerEntityManagerFactoryBean - Initialized JPA EntityManagerFactory for persistence unit 'default'
2026-07-30 21:35:29 WARN  o.s.b.a.o.j.JpaBaseConfiguration$JpaWebConfiguration - spring.jpa.open-in-view is enabled by default. Therefore, database queries may be performed during view rendering. Explicitly configure spring.jpa.open-in-view to disable this warning
2026-07-30 21:35:30 INFO  o.s.b.a.h.H2ConsoleAutoConfiguration - H2 console available at '/h2-console'. Database available at 'jdbc:h2:mem:DB'
2026-07-30 21:35:30 INFO  o.s.b.d.a.OptionalLiveReloadServer - LiveReload server is running on port 35729
2026-07-30 21:35:30 INFO  o.a.coyote.http11.Http11NioProtocol - Starting ProtocolHandler ["http-nio-8080"]
2026-07-30 21:35:30 INFO  o.s.b.w.e.tomcat.TomcatWebServer - Tomcat started on port 8080 (http) with context path '/'
2026-07-30 21:35:30 INFO  com.web.project.ProjectApplication - Started ProjectApplication in 6.053 seconds (process running for 110.007)
2026-07-30 21:35:30 INFO  o.s.b.d.a.ConditionEvaluationDeltaLoggingListener - Condition evaluation unchanged
2026-07-30 21:35:32 INFO  o.a.c.c.C.[Tomcat].[localhost].[/] - Initializing Spring DispatcherServlet 'dispatcherServlet'
2026-07-30 21:35:32 INFO  o.s.web.servlet.DispatcherServlet - Initializing Servlet 'dispatcherServlet'
2026-07-30 21:35:32 INFO  o.s.web.servlet.DispatcherServlet - Completed initialization in 2 ms
2026-07-30 21:35:32 WARN  o.s.w.s.m.s.DefaultHandlerExceptionResolver - Resolved [org.springframework.web.HttpRequestMethodNotSupportedException: Request method 'GET' is not supported]
2026-07-30 21:35:45 WARN  o.s.w.s.m.s.DefaultHandlerExceptionResolver - Resolved [org.springframework.web.HttpRequestMethodNotSupportedException: Request method 'GET' is not supported]
2026-07-30 21:56:39 INFO  o.s.b.w.e.tomcat.GracefulShutdown - Commencing graceful shutdown. Waiting for active requests to complete
2026-07-30 21:56:39 INFO  o.s.b.w.e.tomcat.GracefulShutdown - Graceful shutdown complete
2026-07-30 21:56:39 INFO  o.s.o.j.LocalContainerEntityManagerFactoryBean - Closing JPA EntityManagerFactory for persistence unit 'default'
2026-07-30 21:56:39 WARN  o.s.b.f.s.DisposableBeanAdapter - Invocation of destroy method failed on bean with name 'inMemoryDatabaseShutdownExecutor': org.h2.jdbc.JdbcSQLNonTransientConnectionException: Database is already closed (to disable automatic closing at VM shutdown, add ";DB_CLOSE_ON_EXIT=FALSE" to the db URL) [90121-232]
2026-07-30 21:56:39 INFO  com.zaxxer.hikari.HikariDataSource - HikariPool-3 - Shutdown initiated...
2026-07-30 21:56:39 INFO  com.zaxxer.hikari.HikariDataSource - HikariPool-3 - Shutdown completed.
2026-07-30 21:56:58 INFO  com.web.project.ProjectApplication - Starting ProjectApplication using Java 23.0.1 with PID 10512 (C:\Users\Emrah\Desktop\Java kids\javakids4\spring\project-web\target\classes started by Emrah in C:\Users\Emrah\Desktop\Java kids\javakids4\spring\project-web)
2026-07-30 21:56:58 INFO  com.web.project.ProjectApplication - No active profile set, falling back to 1 default profile: "default"
2026-07-30 21:56:59 INFO  o.s.b.d.e.DevToolsPropertyDefaultsPostProcessor - Devtools property defaults active! Set 'spring.devtools.add-properties' to 'false' to disable
2026-07-30 21:56:59 INFO  o.s.b.d.e.DevToolsPropertyDefaultsPostProcessor - For additional web related logging consider setting the 'logging.level.web' property to 'DEBUG'
2026-07-30 21:57:02 INFO  o.s.d.r.c.RepositoryConfigurationDelegate - Bootstrapping Spring Data JPA repositories in DEFAULT mode.
2026-07-30 21:57:02 INFO  o.s.d.r.c.RepositoryConfigurationDelegate - Finished Spring Data repository scanning in 219 ms. Found 2 JPA repository interfaces.
2026-07-30 21:57:05 INFO  o.s.b.w.e.tomcat.TomcatWebServer - Tomcat initialized with port 8080 (http)
2026-07-30 21:57:05 INFO  o.a.coyote.http11.Http11NioProtocol - Initializing ProtocolHandler ["http-nio-8080"]
2026-07-30 21:57:05 INFO  o.a.catalina.core.StandardService - Starting service [Tomcat]
2026-07-30 21:57:05 INFO  o.a.catalina.core.StandardEngine - Starting Servlet engine: [Apache Tomcat/10.1.43]
2026-07-30 21:57:05 INFO  o.a.c.c.C.[Tomcat].[localhost].[/] - Initializing Spring embedded WebApplicationContext
2026-07-30 21:57:05 INFO  o.s.b.w.s.c.ServletWebServerApplicationContext - Root WebApplicationContext: initialization completed in 6002 ms
2026-07-30 21:57:06 INFO  o.h.jpa.internal.util.LogHelper - HHH000204: Processing PersistenceUnitInfo [name: default]
2026-07-30 21:57:06 INFO  org.hibernate.Version - HHH000412: Hibernate ORM core version 6.6.22.Final
2026-07-30 21:57:06 INFO  o.h.c.i.RegionFactoryInitiator - HHH000026: Second-level cache disabled
2026-07-30 21:57:08 INFO  o.s.o.j.p.SpringPersistenceUnitInfo - No LoadTimeWeaver setup: ignoring JPA class transformer
2026-07-30 21:57:08 INFO  com.zaxxer.hikari.HikariDataSource - HikariPool-1 - Starting...
2026-07-30 21:57:09 INFO  com.zaxxer.hikari.pool.HikariPool - HikariPool-1 - Added connection conn0: url=jdbc:h2:mem:DB user=ROOT
2026-07-30 21:57:09 INFO  com.zaxxer.hikari.HikariDataSource - HikariPool-1 - Start completed.
2026-07-30 21:57:09 INFO  o.hibernate.orm.connections.pooling - HHH10001005: Database info:
	Database JDBC URL [Connecting through datasource 'HikariDataSource (HikariPool-1)']
	Database driver: undefined/unknown
	Database version: 2.3.232
	Autocommit mode: undefined/unknown
	Isolation level: undefined/unknown
	Minimum pool size: undefined/unknown
	Maximum pool size: undefined/unknown
2026-07-30 21:57:13 INFO  o.h.e.t.j.p.i.JtaPlatformInitiator - HHH000489: No JTA platform available (set 'hibernate.transaction.jta.platform' to enable JTA platform integration)
2026-07-30 21:57:14 INFO  o.s.o.j.LocalContainerEntityManagerFactoryBean - Initialized JPA EntityManagerFactory for persistence unit 'default'
2026-07-30 21:57:18 INFO  o.s.d.j.r.query.QueryEnhancerFactory - Hibernate is in classpath; If applicable, HQL parser will be used.
2026-07-30 21:57:20 WARN  o.s.b.a.o.j.JpaBaseConfiguration$JpaWebConfiguration - spring.jpa.open-in-view is enabled by default. Therefore, database queries may be performed during view rendering. Explicitly configure spring.jpa.open-in-view to disable this warning
2026-07-30 21:57:22 INFO  o.s.b.a.h.H2ConsoleAutoConfiguration - H2 console available at '/h2-console'. Database available at 'jdbc:h2:mem:DB'
2026-07-30 21:57:22 INFO  o.s.b.d.a.OptionalLiveReloadServer - LiveReload server is running on port 35729
2026-07-30 21:57:22 INFO  o.a.coyote.http11.Http11NioProtocol - Starting ProtocolHandler ["http-nio-8080"]
2026-07-30 21:57:22 INFO  o.s.b.w.e.tomcat.TomcatWebServer - Tomcat started on port 8080 (http) with context path '/'
2026-07-30 21:57:22 INFO  com.web.project.ProjectApplication - Started ProjectApplication in 26.206 seconds (process running for 28.529)
2026-07-30 21:58:25 INFO  o.a.c.c.C.[Tomcat].[localhost].[/] - Initializing Spring DispatcherServlet 'dispatcherServlet'
2026-07-30 21:58:25 INFO  o.s.web.servlet.DispatcherServlet - Initializing Servlet 'dispatcherServlet'
2026-07-30 21:58:25 INFO  o.s.web.servlet.DispatcherServlet - Completed initialization in 3 ms
2026-07-30 22:01:59 INFO  o.s.b.w.e.tomcat.GracefulShutdown - Commencing graceful shutdown. Waiting for active requests to complete
2026-07-30 22:01:59 INFO  o.s.b.w.e.tomcat.GracefulShutdown - Graceful shutdown complete
2026-07-30 22:01:59 INFO  o.s.o.j.LocalContainerEntityManagerFactoryBean - Closing JPA EntityManagerFactory for persistence unit 'default'
2026-07-30 22:01:59 WARN  o.s.b.f.s.DisposableBeanAdapter - Invocation of destroy method failed on bean with name 'inMemoryDatabaseShutdownExecutor': org.h2.jdbc.JdbcSQLNonTransientConnectionException: Database is already closed (to disable automatic closing at VM shutdown, add ";DB_CLOSE_ON_EXIT=FALSE" to the db URL) [90121-232]
2026-07-30 22:01:59 INFO  com.zaxxer.hikari.HikariDataSource - HikariPool-1 - Shutdown initiated...
2026-07-30 22:01:59 INFO  com.zaxxer.hikari.HikariDataSource - HikariPool-1 - Shutdown completed.
